,id,city,zipCode,list_price,baths
0,4273064857,Port Washington,11050,879000,2
1,3499438412,New Hyde Park,11040,685000,3
2,4927661252,Massapequa Park,11762,1099999,3
3,9673513342,Franklin Square,11010,470000,3
4,3948887720,Valley Stream,11580,795000,3
5,3931673484,Port Washington,11050,1299000,3
6,4946629617,Long Beach,11561,699000,2
7,3893813732,Wantagh,11793,379990,1
8,4848052456,Port Washington,11050,749900,2
9,3237204272,Muttontown,11791,1395000,0
10,3385552988,Rockville Centre,11570,1999999,4
11,3136144630,Baldwin,11510,749999,3
12,3056340577,Lido Beach,11561,2275000,3
13,4960223798,Long Beach,11561,1750000,5
14,3674682652,Rockville Centre,11570,259000,1
15,4323902633,Great Neck,11021,1580000,3
16,4060395644,Westbury,11590,829000,3
17,3942169181,East Hills,11577,1288000,3
18,4902996396,Valley Stream,11580,1698888,3
19,3423431633,Lynbrook,11563,798000,3
20,4273064857,Port Washington,11050,879000,2
21,3499438412,New Hyde Park,11040,685000,3
22,4927661252,Massapequa Park,11762,1099999,3
23,9673513342,Franklin Square,11010,470000,3
24,3948887720,Valley Stream,11580,795000,3
25,3931673484,Port Washington,11050,1299000,3
26,4946629617,Long Beach,11561,699000,2
27,3893813732,Wantagh,11793,379990,1
28,4848052456,Port Washington,11050,749900,2
29,3237204272,Muttontown,11791,1395000,0
30,3385552988,Rockville Centre,11570,1999999,4
31,3136144630,Baldwin,11510,749999,3
32,3056340577,Lido Beach,11561,2275000,3
33,4960223798,Long Beach,11561,1750000,5
34,3674682652,Rockville Centre,11570,259000,1
35,4323902633,Great Neck,11021,1580000,3
36,4060395644,Westbury,11590,829000,3
37,3942169181,East Hills,11577,1288000,3
38,4902996396,Valley Stream,11580,1698888,3
39,3423431633,Lynbrook,11563,798000,3
40,4273064857,Port Washington,11050,879000,2
41,3499438412,New Hyde Park,11040,685000,3
42,4927661252,Massapequa Park,11762,1099999,3
43,9673513342,Franklin Square,11010,470000,3
44,3948887720,Valley Stream,11580,795000,3
45,3931673484,Port Washington,11050,1299000,3
46,4946629617,Long Beach,11561,699000,2
47,3893813732,Wantagh,11793,379990,1
48,4848052456,Port Washington,11050,749900,2
49,3237204272,Muttontown,11791,1395000,0
50,3385552988,Rockville Centre,11570,1999999,4
51,3136144630,Baldwin,11510,749999,3
52,3056340577,Lido Beach,11561,2275000,3
53,4960223798,Long Beach,11561,1750000,5
54,3674682652,Rockville Centre,11570,259000,1
55,4323902633,Great Neck,11021,1580000,3
56,4060395644,Westbury,11590,829000,3
57,3942169181,East Hills,11577,1288000,3
58,4902996396,Valley Stream,11580,1698888,3
59,3423431633,Lynbrook,11563,798000,3
60,4273064857,Port Washington,11050,879000,2
61,3499438412,New Hyde Park,11040,685000,3
62,4927661252,Massapequa Park,11762,1099999,3
63,9673513342,Franklin Square,11010,470000,3
64,3948887720,Valley Stream,11580,795000,3
65,3931673484,Port Washington,11050,1299000,3
66,4946629617,Long Beach,11561,699000,2
67,3893813732,Wantagh,11793,379990,1
68,4848052456,Port Washington,11050,749900,2
69,3237204272,Muttontown,11791,1395000,0
70,3385552988,Rockville Centre,11570,1999999,4
71,3136144630,Baldwin,11510,749999,3
72,3056340577,Lido Beach,11561,2275000,3
73,4960223798,Long Beach,11561,1750000,5
74,3674682652,Rockville Centre,11570,259000,1
75,4323902633,Great Neck,11021,1580000,3
76,4060395644,Westbury,11590,829000,3
77,3942169181,East Hills,11577,1288000,3
78,4902996396,Valley Stream,11580,1698888,3
79,3423431633,Lynbrook,11563,798000,3
80,4273064857,Port Washington,11050,879000,2
81,3499438412,New Hyde Park,11040,685000,3
82,4927661252,Massapequa Park,11762,1099999,3
83,9673513342,Franklin Square,11010,470000,3
84,3948887720,Valley Stream,11580,795000,3
85,3931673484,Port Washington,11050,1299000,3
86,4946629617,Long Beach,11561,699000,2
87,3893813732,Wantagh,11793,379990,1
88,4848052456,Port Washington,11050,749900,2
89,3237204272,Muttontown,11791,1395000,0
90,3385552988,Rockville Centre,11570,1999999,4
91,3136144630,Baldwin,11510,749999,3
92,3056340577,Lido Beach,11561,2275000,3
93,4960223798,Long Beach,11561,1750000,5
94,3674682652,Rockville Centre,11570,259000,1
95,4323902633,Great Neck,11021,1580000,3
96,4060395644,Westbury,11590,829000,3
97,3942169181,East Hills,11577,1288000,3
98,4902996396,Valley Stream,11580,1698888,3
99,3423431633,Lynbrook,11563,798000,3
100,4273064857,Port Washington,11050,879000,2
101,3499438412,New Hyde Park,11040,685000,3
102,4927661252,Massapequa Park,11762,1099999,3
103,9673513342,Franklin Square,11010,470000,3
104,3948887720,Valley Stream,11580,795000,3
105,3931673484,Port Washington,11050,1299000,3
106,4946629617,Long Beach,11561,699000,2
107,3893813732,Wantagh,11793,379990,1
108,4848052456,Port Washington,11050,749900,2
109,3237204272,Muttontown,11791,1395000,0
110,3385552988,Rockville Centre,11570,1999999,4
111,3136144630,Baldwin,11510,749999,3
112,3056340577,Lido Beach,11561,2275000,3
113,4960223798,Long Beach,11561,1750000,5
114,3674682652,Rockville Centre,11570,259000,1
115,4323902633,Great Neck,11021,1580000,3
116,4060395644,Westbury,11590,829000,3
117,3942169181,East Hills,11577,1288000,3
118,4902996396,Valley Stream,11580,1698888,3
119,3423431633,Lynbrook,11563,798000,3
120,4273064857,Port Washington,11050,879000,2
121,3499438412,New Hyde Park,11040,685000,3
122,4927661252,Massapequa Park,11762,1099999,3
123,9673513342,Franklin Square,11010,470000,3
124,3948887720,Valley Stream,11580,795000,3
125,3931673484,Port Washington,11050,1299000,3
126,4946629617,Long Beach,11561,699000,2
127,3893813732,Wantagh,11793,379990,1
128,4848052456,Port Washington,11050,749900,2
129,3237204272,Muttontown,11791,1395000,0
130,3385552988,Rockville Centre,11570,1999999,4
131,3136144630,Baldwin,11510,749999,3
132,3056340577,Lido Beach,11561,2275000,3
133,4960223798,Long Beach,11561,1750000,5
134,3674682652,Rockville Centre,11570,259000,1
135,4323902633,Great Neck,11021,1580000,3
136,4060395644,Westbury,11590,829000,3
137,3942169181,East Hills,11577,1288000,3
138,4902996396,Valley Stream,11580,1698888,3
139,3423431633,Lynbrook,11563,798000,3
140,4273064857,Port Washington,11050,879000,2
141,3499438412,New Hyde Park,11040,685000,3
142,4927661252,Massapequa Park,11762,1099999,3
143,9673513342,Franklin Square,11010,470000,3
144,3948887720,Valley Stream,11580,795000,3
145,3931673484,Port Washington,11050,1299000,3
146,4946629617,Long Beach,11561,699000,2
147,3893813732,Wantagh,11793,379990,1
148,4848052456,Port Washington,11050,749900,2
149,3237204272,Muttontown,11791,1395000,0
150,3385552988,Rockville Centre,11570,1999999,4
151,3136144630,Baldwin,11510,749999,3
152,3056340577,Lido Beach,11561,2275000,3
153,4960223798,Long Beach,11561,1750000,5
154,3674682652,Rockville Centre,11570,259000,1
155,4323902633,Great Neck,11021,1580000,3
156,4060395644,Westbury,11590,829000,3
157,3942169181,East Hills,11577,1288000,3
158,4902996396,Valley Stream,11580,1698888,3
159,3423431633,Lynbrook,11563,798000,3
160,4273064857,Port Washington,11050,879000,2
161,3499438412,New Hyde Park,11040,685000,3
162,4927661252,Massapequa Park,11762,1099999,3
163,9673513342,Franklin Square,11010,470000,3
164,3948887720,Valley Stream,11580,795000,3
165,3931673484,Port Washington,11050,1299000,3
166,4946629617,Long Beach,11561,699000,2
167,3893813732,Wantagh,11793,379990,1
168,4848052456,Port Washington,11050,749900,2
169,3237204272,Muttontown,11791,1395000,0
170,3385552988,Rockville Centre,11570,1999999,4
171,3136144630,Baldwin,11510,749999,3
172,3056340577,Lido Beach,11561,2275000,3
173,4960223798,Long Beach,11561,1750000,5
174,3674682652,Rockville Centre,11570,259000,1
175,4323902633,Great Neck,11021,1580000,3
176,4060395644,Westbury,11590,829000,3
177,3942169181,East Hills,11577,1288000,3
178,4902996396,Valley Stream,11580,1698888,3
179,3423431633,Lynbrook,11563,798000,3
180,4273064857,Port Washington,11050,879000,2
181,3499438412,New Hyde Park,11040,685000,3
182,4927661252,Massapequa Park,11762,1099999,3
183,9673513342,Franklin Square,11010,470000,3
184,3948887720,Valley Stream,11580,795000,3
185,3931673484,Port Washington,11050,1299000,3
186,4946629617,Long Beach,11561,699000,2
187,3893813732,Wantagh,11793,379990,1
188,4848052456,Port Washington,11050,749900,2
189,3237204272,Muttontown,11791,1395000,0
190,3385552988,Rockville Centre,11570,1999999,4
191,3136144630,Baldwin,11510,749999,3
192,3056340577,Lido Beach,11561,2275000,3
193,4960223798,Long Beach,11561,1750000,5
194,3674682652,Rockville Centre,11570,259000,1
195,4323902633,Great Neck,11021,1580000,3
196,4060395644,Westbury,11590,829000,3
197,3942169181,East Hills,11577,1288000,3
198,4902996396,Valley Stream,11580,1698888,3
199,3423431633,Lynbrook,11563,798000,3
200,4273064857,Port Washington,11050,879000,2
201,3499438412,New Hyde Park,11040,685000,3
202,4927661252,Massapequa Park,11762,1099999,3
203,9673513342,Franklin Square,11010,470000,3
204,3948887720,Valley Stream,11580,795000,3
205,3931673484,Port Washington,11050,1299000,3
206,4946629617,Long Beach,11561,699000,2
207,3893813732,Wantagh,11793,379990,1
208,4848052456,Port Washington,11050,749900,2
209,3237204272,Muttontown,11791,1395000,0
210,3385552988,Rockville Centre,11570,1999999,4
211,3136144630,Baldwin,11510,749999,3
212,3056340577,Lido Beach,11561,2275000,3
213,4960223798,Long Beach,11561,1750000,5
214,3674682652,Rockville Centre,11570,259000,1
215,4323902633,Great Neck,11021,1580000,3
216,4060395644,Westbury,11590,829000,3
217,3942169181,East Hills,11577,1288000,3
218,4902996396,Valley Stream,11580,1698888,3
219,3423431633,Lynbrook,11563,798000,3
220,4273064857,Port Washington,11050,879000,2
221,3499438412,New Hyde Park,11040,685000,3
222,4927661252,Massapequa Park,11762,1099999,3
223,9673513342,Franklin Square,11010,470000,3
224,3948887720,Valley Stream,11580,795000,3
225,3931673484,Port Washington,11050,1299000,3
226,4946629617,Long Beach,11561,699000,2
227,3893813732,Wantagh,11793,379990,1
228,4848052456,Port Washington,11050,749900,2
229,3237204272,Muttontown,11791,1395000,0
230,3385552988,Rockville Centre,11570,1999999,4
231,3136144630,Baldwin,11510,749999,3
232,3056340577,Lido Beach,11561,2275000,3
233,4960223798,Long Beach,11561,1750000,5
234,3674682652,Rockville Centre,11570,259000,1
235,4323902633,Great Neck,11021,1580000,3
236,4060395644,Westbury,11590,829000,3
237,3942169181,East Hills,11577,1288000,3
238,4902996396,Valley Stream,11580,1698888,3
239,3423431633,Lynbrook,11563,798000,3
240,4273064857,Port Washington,11050,879000,2
241,3499438412,New Hyde Park,11040,685000,3
242,4927661252,Massapequa Park,11762,1099999,3
243,9673513342,Franklin Square,11010,470000,3
244,3948887720,Valley Stream,11580,795000,3
245,3931673484,Port Washington,11050,1299000,3
246,4946629617,Long Beach,11561,699000,2
247,3893813732,Wantagh,11793,379990,1
248,4848052456,Port Washington,11050,749900,2
249,3237204272,Muttontown,11791,1395000,0
250,3385552988,Rockville Centre,11570,1999999,4
251,3136144630,Baldwin,11510,749999,3
252,3056340577,Lido Beach,11561,2275000,3
253,4960223798,Long Beach,11561,1750000,5
254,3674682652,Rockville Centre,11570,259000,1
255,4323902633,Great Neck,11021,1580000,3
256,4060395644,Westbury,11590,829000,3
257,3942169181,East Hills,11577,1288000,3
258,4902996396,Valley Stream,11580,1698888,3
259,3423431633,Lynbrook,11563,798000,3
260,4273064857,Port Washington,11050,879000,2
261,3499438412,New Hyde Park,11040,685000,3
262,4927661252,Massapequa Park,11762,1099999,3
263,9673513342,Franklin Square,11010,470000,3
264,3948887720,Valley Stream,11580,795000,3
265,3931673484,Port Washington,11050,1299000,3
266,4946629617,Long Beach,11561,699000,2
267,3893813732,Wantagh,11793,379990,1
268,4848052456,Port Washington,11050,749900,2
269,3237204272,Muttontown,11791,1395000,0
270,3385552988,Rockville Centre,11570,1999999,4
271,3136144630,Baldwin,11510,749999,3
272,3056340577,Lido Beach,11561,2275000,3
273,4960223798,Long Beach,11561,1750000,5
274,3674682652,Rockville Centre,11570,259000,1
275,4323902633,Great Neck,11021,1580000,3
276,4060395644,Westbury,11590,829000,3
277,3942169181,East Hills,11577,1288000,3
278,4902996396,Valley Stream,11580,1698888,3
279,3423431633,Lynbrook,11563,798000,3
280,4273064857,Port Washington,11050,879000,2
281,3499438412,New Hyde Park,11040,685000,3
282,4927661252,Massapequa Park,11762,1099999,3
283,9673513342,Franklin Square,11010,470000,3
284,3948887720,Valley Stream,11580,795000,3
285,3931673484,Port Washington,11050,1299000,3
286,4946629617,Long Beach,11561,699000,2
287,3893813732,Wantagh,11793,379990,1
288,4848052456,Port Washington,11050,749900,2
289,3237204272,Muttontown,11791,1395000,0
290,3385552988,Rockville Centre,11570,1999999,4
291,3136144630,Baldwin,11510,749999,3
292,3056340577,Lido Beach,11561,2275000,3
293,4960223798,Long Beach,11561,1750000,5
294,3674682652,Rockville Centre,11570,259000,1
295,4323902633,Great Neck,11021,1580000,3
296,4060395644,Westbury,11590,829000,3
297,3942169181,East Hills,11577,1288000,3
298,4902996396,Valley Stream,11580,1698888,3
299,3423431633,Lynbrook,11563,798000,3
300,4273064857,Port Washington,11050,879000,2
301,3499438412,New Hyde Park,11040,685000,3
302,4927661252,Massapequa Park,11762,1099999,3
303,9673513342,Franklin Square,11010,470000,3
304,3948887720,Valley Stream,11580,795000,3
305,3931673484,Port Washington,11050,1299000,3
306,4946629617,Long Beach,11561,699000,2
307,3893813732,Wantagh,11793,379990,1
308,4848052456,Port Washington,11050,749900,2
309,3237204272,Muttontown,11791,1395000,0
310,3385552988,Rockville Centre,11570,1999999,4
311,3136144630,Baldwin,11510,749999,3
312,3056340577,Lido Beach,11561,2275000,3
313,4960223798,Long Beach,11561,1750000,5
314,3674682652,Rockville Centre,11570,259000,1
315,4323902633,Great Neck,11021,1580000,3
316,4060395644,Westbury,11590,829000,3
317,3942169181,East Hills,11577,1288000,3
318,4902996396,Valley Stream,11580,1698888,3
319,3423431633,Lynbrook,11563,798000,3
320,4273064857,Port Washington,11050,879000,2
321,3499438412,New Hyde Park,11040,685000,3
322,4927661252,Massapequa Park,11762,1099999,3
323,9673513342,Franklin Square,11010,470000,3
324,3948887720,Valley Stream,11580,795000,3
325,3931673484,Port Washington,11050,1299000,3
326,4946629617,Long Beach,11561,699000,2
327,3893813732,Wantagh,11793,379990,1
328,4848052456,Port Washington,11050,749900,2
329,3237204272,Muttontown,11791,1395000,0
330,3385552988,Rockville Centre,11570,1999999,4
331,3136144630,Baldwin,11510,749999,3
332,3056340577,Lido Beach,11561,2275000,3
333,4960223798,Long Beach,11561,1750000,5
334,3674682652,Rockville Centre,11570,259000,1
335,4323902633,Great Neck,11021,1580000,3
336,4060395644,Westbury,11590,829000,3
337,3942169181,East Hills,11577,1288000,3
338,4902996396,Valley Stream,11580,1698888,3
339,3423431633,Lynbrook,11563,798000,3
340,4273064857,Port Washington,11050,879000,2
341,3499438412,New Hyde Park,11040,685000,3
342,4927661252,Massapequa Park,11762,1099999,3
343,9673513342,Franklin Square,11010,470000,3
344,3948887720,Valley Stream,11580,795000,3
345,3931673484,Port Washington,11050,1299000,3
346,4946629617,Long Beach,11561,699000,2
347,3893813732,Wantagh,11793,379990,1
348,4848052456,Port Washington,11050,749900,2
349,3237204272,Muttontown,11791,1395000,0
350,3385552988,Rockville Centre,11570,1999999,4
351,3136144630,Baldwin,11510,749999,3
352,3056340577,Lido Beach,11561,2275000,3
353,4960223798,Long Beach,11561,1750000,5
354,3674682652,Rockville Centre,11570,259000,1
355,4323902633,Great Neck,11021,1580000,3
356,4060395644,Westbury,11590,829000,3
357,3942169181,East Hills,11577,1288000,3
358,4902996396,Valley Stream,11580,1698888,3
359,3423431633,Lynbrook,11563,798000,3
360,4273064857,Port Washington,11050,879000,2
361,3499438412,New Hyde Park,11040,685000,3
362,4927661252,Massapequa Park,11762,1099999,3
363,9673513342,Franklin Square,11010,470000,3
364,3948887720,Valley Stream,11580,795000,3
365,3931673484,Port Washington,11050,1299000,3
366,4946629617,Long Beach,11561,699000,2
367,3893813732,Wantagh,11793,379990,1
368,4848052456,Port Washington,11050,749900,2
369,3237204272,Muttontown,11791,1395000,0
370,3385552988,Rockville Centre,11570,1999999,4
371,3136144630,Baldwin,11510,749999,3
372,3056340577,Lido Beach,11561,2275000,3
373,4960223798,Long Beach,11561,1750000,5
374,3674682652,Rockville Centre,11570,259000,1
375,4323902633,Great Neck,11021,1580000,3
376,4060395644,Westbury,11590,829000,3
377,3942169181,East Hills,11577,1288000,3
378,4902996396,Valley Stream,11580,1698888,3
379,3423431633,Lynbrook,11563,798000,3
380,4273064857,Port Washington,11050,879000,2
381,3499438412,New Hyde Park,11040,685000,3
382,4927661252,Massapequa Park,11762,1099999,3
383,9673513342,Franklin Square,11010,470000,3
384,3948887720,Valley Stream,11580,795000,3
385,3931673484,Port Washington,11050,1299000,3
386,4946629617,Long Beach,11561,699000,2
387,3893813732,Wantagh,11793,379990,1
388,4848052456,Port Washington,11050,749900,2
389,3237204272,Muttontown,11791,1395000,0
390,3385552988,Rockville Centre,11570,1999999,4
391,3136144630,Baldwin,11510,749999,3
392,3056340577,Lido Beach,11561,2275000,3
393,4960223798,Long Beach,11561,1750000,5
394,3674682652,Rockville Centre,11570,259000,1
395,4323902633,Great Neck,11021,1580000,3
396,4060395644,Westbury,11590,829000,3
397,3942169181,East Hills,11577,1288000,3
398,4902996396,Valley Stream,11580,1698888,3
399,3423431633,Lynbrook,11563,798000,3
400,4273064857,Port Washington,11050,879000,2
401,3499438412,New Hyde Park,11040,685000,3
402,4927661252,Massapequa Park,11762,1099999,3
403,9673513342,Franklin Square,11010,470000,3
404,3948887720,Valley Stream,11580,795000,3
405,3931673484,Port Washington,11050,1299000,3
406,4946629617,Long Beach,11561,699000,2
407,3893813732,Wantagh,11793,379990,1
408,4848052456,Port Washington,11050,749900,2
409,3237204272,Muttontown,11791,1395000,0
410,3385552988,Rockville Centre,11570,1999999,4
411,3136144630,Baldwin,11510,749999,3
412,3056340577,Lido Beach,11561,2275000,3
413,4960223798,Long Beach,11561,1750000,5
414,3674682652,Rockville Centre,11570,259000,1
415,4323902633,Great Neck,11021,1580000,3
416,4060395644,Westbury,11590,829000,3
417,3942169181,East Hills,11577,1288000,3
418,4902996396,Valley Stream,11580,1698888,3
419,3423431633,Lynbrook,11563,798000,3
420,4273064857,Port Washington,11050,879000,2
421,3499438412,New Hyde Park,11040,685000,3
422,4927661252,Massapequa Park,11762,1099999,3
423,9673513342,Franklin Square,11010,470000,3
424,3948887720,Valley Stream,11580,795000,3
425,3931673484,Port Washington,11050,1299000,3
426,4946629617,Long Beach,11561,699000,2
427,3893813732,Wantagh,11793,379990,1
428,4848052456,Port Washington,11050,749900,2
429,3237204272,Muttontown,11791,1395000,0
430,3385552988,Rockville Centre,11570,1999999,4
431,3136144630,Baldwin,11510,749999,3
432,3056340577,Lido Beach,11561,2275000,3
433,4960223798,Long Beach,11561,1750000,5
434,3674682652,Rockville Centre,11570,259000,1
435,4323902633,Great Neck,11021,1580000,3
436,4060395644,Westbury,11590,829000,3
437,3942169181,East Hills,11577,1288000,3
438,4902996396,Valley Stream,11580,1698888,3
439,3423431633,Lynbrook,11563,798000,3
440,4273064857,Port Washington,11050,879000,2
441,3499438412,New Hyde Park,11040,685000,3
442,4927661252,Massapequa Park,11762,1099999,3
443,9673513342,Franklin Square,11010,470000,3
444,3948887720,Valley Stream,11580,795000,3
445,3931673484,Port Washington,11050,1299000,3
446,4946629617,Long Beach,11561,699000,2
447,3893813732,Wantagh,11793,379990,1
448,4848052456,Port Washington,11050,749900,2
449,3237204272,Muttontown,11791,1395000,0
450,3385552988,Rockville Centre,11570,1999999,4
451,3136144630,Baldwin,11510,749999,3
452,3056340577,Lido Beach,11561,2275000,3
453,4960223798,Long Beach,11561,1750000,5
454,3674682652,Rockville Centre,11570,259000,1
455,4323902633,Great Neck,11021,1580000,3
456,4060395644,Westbury,11590,829000,3
457,3942169181,East Hills,11577,1288000,3
458,4902996396,Valley Stream,11580,1698888,3
459,3423431633,Lynbrook,11563,798000,3
460,4273064857,Port Washington,11050,879000,2
461,3499438412,New Hyde Park,11040,685000,3
462,4927661252,Massapequa Park,11762,1099999,3
463,9673513342,Franklin Square,11010,470000,3
464,3948887720,Valley Stream,11580,795000,3
465,3931673484,Port Washington,11050,1299000,3
466,4946629617,Long Beach,11561,699000,2
467,3893813732,Wantagh,11793,379990,1
468,4848052456,Port Washington,11050,749900,2
469,3237204272,Muttontown,11791,1395000,0
470,3385552988,Rockville Centre,11570,1999999,4
471,3136144630,Baldwin,11510,749999,3
472,3056340577,Lido Beach,11561,2275000,3
473,4960223798,Long Beach,11561,1750000,5
474,3674682652,Rockville Centre,11570,259000,1
475,4323902633,Great Neck,11021,1580000,3
476,4060395644,Westbury,11590,829000,3
477,3942169181,East Hills,11577,1288000,3
478,4902996396,Valley Stream,11580,1698888,3
479,3423431633,Lynbrook,11563,798000,3
480,4273064857,Port Washington,11050,879000,2
481,3499438412,New Hyde Park,11040,685000,3
482,4927661252,Massapequa Park,11762,1099999,3
483,9673513342,Franklin Square,11010,470000,3
484,3948887720,Valley Stream,11580,795000,3
485,3931673484,Port Washington,11050,1299000,3
486,4946629617,Long Beach,11561,699000,2
487,3893813732,Wantagh,11793,379990,1
488,4848052456,Port Washington,11050,749900,2
489,3237204272,Muttontown,11791,1395000,0
490,3385552988,Rockville Centre,11570,1999999,4
491,3136144630,Baldwin,11510,749999,3
492,3056340577,Lido Beach,11561,2275000,3
493,4960223798,Long Beach,11561,1750000,5
494,3674682652,Rockville Centre,11570,259000,1
495,4323902633,Great Neck,11021,1580000,3
496,4060395644,Westbury,11590,829000,3
497,3942169181,East Hills,11577,1288000,3
498,4902996396,Valley Stream,11580,1698888,3
499,3423431633,Lynbrook,11563,798000,3
500,4273064857,Port Washington,11050,879000,2
501,3499438412,New Hyde Park,11040,685000,3
502,4927661252,Massapequa Park,11762,1099999,3
503,9673513342,Franklin Square,11010,470000,3
504,3948887720,Valley Stream,11580,795000,3
505,3931673484,Port Washington,11050,1299000,3
506,4946629617,Long Beach,11561,699000,2
507,3893813732,Wantagh,11793,379990,1
508,4848052456,Port Washington,11050,749900,2
509,3237204272,Muttontown,11791,1395000,0
510,3385552988,Rockville Centre,11570,1999999,4
511,3136144630,Baldwin,11510,749999,3
512,3056340577,Lido Beach,11561,2275000,3
513,4960223798,Long Beach,11561,1750000,5
514,3674682652,Rockville Centre,11570,259000,1
515,4323902633,Great Neck,11021,1580000,3
516,4060395644,Westbury,11590,829000,3
517,3942169181,East Hills,11577,1288000,3
518,4902996396,Valley Stream,11580,1698888,3
519,3423431633,Lynbrook,11563,798000,3
520,4273064857,Port Washington,11050,879000,2
521,3499438412,New Hyde Park,11040,685000,3
522,4927661252,Massapequa Park,11762,1099999,3
523,9673513342,Franklin Square,11010,470000,3
524,3948887720,Valley Stream,11580,795000,3
525,3931673484,Port Washington,11050,1299000,3
526,4946629617,Long Beach,11561,699000,2
527,3893813732,Wantagh,11793,379990,1
528,4848052456,Port Washington,11050,749900,2
529,3237204272,Muttontown,11791,1395000,0
530,3385552988,Rockville Centre,11570,1999999,4
531,3136144630,Baldwin,11510,749999,3
532,3056340577,Lido Beach,11561,2275000,3
533,4960223798,Long Beach,11561,1750000,5
534,3674682652,Rockville Centre,11570,259000,1
535,4323902633,Great Neck,11021,1580000,3
536,4060395644,Westbury,11590,829000,3
537,3942169181,East Hills,11577,1288000,3
538,4902996396,Valley Stream,11580,1698888,3
539,3423431633,Lynbrook,11563,798000,3
540,4273064857,Port Washington,11050,879000,2
541,3499438412,New Hyde Park,11040,685000,3
542,4927661252,Massapequa Park,11762,1099999,3
543,9673513342,Franklin Square,11010,470000,3
544,3948887720,Valley Stream,11580,795000,3
545,3931673484,Port Washington,11050,1299000,3
546,4946629617,Long Beach,11561,699000,2
547,3893813732,Wantagh,11793,379990,1
548,4848052456,Port Washington,11050,749900,2
549,3237204272,Muttontown,11791,1395000,0
550,3385552988,Rockville Centre,11570,1999999,4
551,3136144630,Baldwin,11510,749999,3
552,3056340577,Lido Beach,11561,2275000,3
553,4960223798,Long Beach,11561,1750000,5
554,3674682652,Rockville Centre,11570,259000,1
555,4323902633,Great Neck,11021,1580000,3
556,4060395644,Westbury,11590,829000,3
557,3942169181,East Hills,11577,1288000,3
558,4902996396,Valley Stream,11580,1698888,3
559,3423431633,Lynbrook,11563,798000,3
560,4273064857,Port Washington,11050,879000,2
561,3499438412,New Hyde Park,11040,685000,3
562,4927661252,Massapequa Park,11762,1099999,3
563,9673513342,Franklin Square,11010,470000,3
564,3948887720,Valley Stream,11580,795000,3
565,3931673484,Port Washington,11050,1299000,3
566,4946629617,Long Beach,11561,699000,2
567,3893813732,Wantagh,11793,379990,1
568,4848052456,Port Washington,11050,749900,2
569,3237204272,Muttontown,11791,1395000,0
570,3385552988,Rockville Centre,11570,1999999,4
571,3136144630,Baldwin,11510,749999,3
572,3056340577,Lido Beach,11561,2275000,3
573,4960223798,Long Beach,11561,1750000,5
574,3674682652,Rockville Centre,11570,259000,1
575,4323902633,Great Neck,11021,1580000,3
576,4060395644,Westbury,11590,829000,3
577,3942169181,East Hills,11577,1288000,3
578,4902996396,Valley Stream,11580,1698888,3
579,3423431633,Lynbrook,11563,798000,3
580,4273064857,Port Washington,11050,879000,2
581,3499438412,New Hyde Park,11040,685000,3
582,4927661252,Massapequa Park,11762,1099999,3
583,9673513342,Franklin Square,11010,470000,3
584,3948887720,Valley Stream,11580,795000,3
585,3931673484,Port Washington,11050,1299000,3
586,4946629617,Long Beach,11561,699000,2
587,3893813732,Wantagh,11793,379990,1
588,4848052456,Port Washington,11050,749900,2
589,3237204272,Muttontown,11791,1395000,0
590,3385552988,Rockville Centre,11570,1999999,4
591,3136144630,Baldwin,11510,749999,3
592,3056340577,Lido Beach,11561,2275000,3
593,4960223798,Long Beach,11561,1750000,5
594,3674682652,Rockville Centre,11570,259000,1
595,4323902633,Great Neck,11021,1580000,3
596,4060395644,Westbury,11590,829000,3
597,3942169181,East Hills,11577,1288000,3
598,4902996396,Valley Stream,11580,1698888,3
599,3423431633,Lynbrook,11563,798000,3
600,4273064857,Port Washington,11050,879000,2
601,3499438412,New Hyde Park,11040,685000,3
602,4927661252,Massapequa Park,11762,1099999,3
603,9673513342,Franklin Square,11010,470000,3
604,3948887720,Valley Stream,11580,795000,3
605,3931673484,Port Washington,11050,1299000,3
606,4946629617,Long Beach,11561,699000,2
607,3893813732,Wantagh,11793,379990,1
608,4848052456,Port Washington,11050,749900,2
609,3237204272,Muttontown,11791,1395000,0
610,3385552988,Rockville Centre,11570,1999999,4
611,3136144630,Baldwin,11510,749999,3
612,3056340577,Lido Beach,11561,2275000,3
613,4960223798,Long Beach,11561,1750000,5
614,3674682652,Rockville Centre,11570,259000,1
615,4323902633,Great Neck,11021,1580000,3
616,4060395644,Westbury,11590,829000,3
617,3942169181,East Hills,11577,1288000,3
618,4902996396,Valley Stream,11580,1698888,3
619,3423431633,Lynbrook,11563,798000,3
620,4273064857,Port Washington,11050,879000,2
621,3499438412,New Hyde Park,11040,685000,3
622,4927661252,Massapequa Park,11762,1099999,3
623,9673513342,Franklin Square,11010,470000,3
624,3948887720,Valley Stream,11580,795000,3
625,3931673484,Port Washington,11050,1299000,3
626,4946629617,Long Beach,11561,699000,2
627,3893813732,Wantagh,11793,379990,1
628,4848052456,Port Washington,11050,749900,2
629,3237204272,Muttontown,11791,1395000,0
630,3385552988,Rockville Centre,11570,1999999,4
631,3136144630,Baldwin,11510,749999,3
632,3056340577,Lido Beach,11561,2275000,3
633,4960223798,Long Beach,11561,1750000,5
634,3674682652,Rockville Centre,11570,259000,1
635,4323902633,Great Neck,11021,1580000,3
636,4060395644,Westbury,11590,829000,3
637,3942169181,East Hills,11577,1288000,3
638,4902996396,Valley Stream,11580,1698888,3
639,3423431633,Lynbrook,11563,798000,3
640,4273064857,Port Washington,11050,879000,2
641,3499438412,New Hyde Park,11040,685000,3
642,4927661252,Massapequa Park,11762,1099999,3
643,9673513342,Franklin Square,11010,470000,3
644,3948887720,Valley Stream,11580,795000,3
645,3931673484,Port Washington,11050,1299000,3
646,4946629617,Long Beach,11561,699000,2
647,3893813732,Wantagh,11793,379990,1
648,4848052456,Port Washington,11050,749900,2
649,3237204272,Muttontown,11791,1395000,0
650,3385552988,Rockville Centre,11570,1999999,4
651,3136144630,Baldwin,11510,749999,3
652,3056340577,Lido Beach,11561,2275000,3
653,4960223798,Long Beach,11561,1750000,5
654,3674682652,Rockville Centre,11570,259000,1
655,4323902633,Great Neck,11021,1580000,3
656,4060395644,Westbury,11590,829000,3
657,3942169181,East Hills,11577,1288000,3
658,4902996396,Valley Stream,11580,1698888,3
659,3423431633,Lynbrook,11563,798000,3
660,4273064857,Port Washington,11050,879000,2
661,3499438412,New Hyde Park,11040,685000,3
662,4927661252,Massapequa Park,11762,1099999,3
663,9673513342,Franklin Square,11010,470000,3
664,3948887720,Valley Stream,11580,795000,3
665,3931673484,Port Washington,11050,1299000,3
666,4946629617,Long Beach,11561,699000,2
667,3893813732,Wantagh,11793,379990,1
668,4848052456,Port Washington,11050,749900,2
669,3237204272,Muttontown,11791,1395000,0
670,3385552988,Rockville Centre,11570,1999999,4
671,3136144630,Baldwin,11510,749999,3
672,3056340577,Lido Beach,11561,2275000,3
673,4960223798,Long Beach,11561,1750000,5
674,3674682652,Rockville Centre,11570,259000,1
675,4323902633,Great Neck,11021,1580000,3
676,4060395644,Westbury,11590,829000,3
677,3942169181,East Hills,11577,1288000,3
678,4902996396,Valley Stream,11580,1698888,3
679,3423431633,Lynbrook,11563,798000,3
680,4273064857,Port Washington,11050,879000,2
681,3499438412,New Hyde Park,11040,685000,3
682,4927661252,Massapequa Park,11762,1099999,3
683,9673513342,Franklin Square,11010,470000,3
684,3948887720,Valley Stream,11580,795000,3
685,3931673484,Port Washington,11050,1299000,3
686,4946629617,Long Beach,11561,699000,2
687,3893813732,Wantagh,11793,379990,1
688,4848052456,Port Washington,11050,749900,2
689,3237204272,Muttontown,11791,1395000,0
690,3385552988,Rockville Centre,11570,1999999,4
691,3136144630,Baldwin,11510,749999,3
692,3056340577,Lido Beach,11561,2275000,3
693,4960223798,Long Beach,11561,1750000,5
694,3674682652,Rockville Centre,11570,259000,1
695,4323902633,Great Neck,11021,1580000,3
696,4060395644,Westbury,11590,829000,3
697,3942169181,East Hills,11577,1288000,3
698,4902996396,Valley Stream,11580,1698888,3
699,3423431633,Lynbrook,11563,798000,3
700,4273064857,Port Washington,11050,879000,2
701,3499438412,New Hyde Park,11040,685000,3
702,4927661252,Massapequa Park,11762,1099999,3
703,9673513342,Franklin Square,11010,470000,3
704,3948887720,Valley Stream,11580,795000,3
705,3931673484,Port Washington,11050,1299000,3
706,4946629617,Long Beach,11561,699000,2
707,3893813732,Wantagh,11793,379990,1
708,4848052456,Port Washington,11050,749900,2
709,3237204272,Muttontown,11791,1395000,0
710,3385552988,Rockville Centre,11570,1999999,4
711,3136144630,Baldwin,11510,749999,3
712,3056340577,Lido Beach,11561,2275000,3
713,4960223798,Long Beach,11561,1750000,5
714,3674682652,Rockville Centre,11570,259000,1
715,4323902633,Great Neck,11021,1580000,3
716,4060395644,Westbury,11590,829000,3
717,3942169181,East Hills,11577,1288000,3
718,4902996396,Valley Stream,11580,1698888,3
719,3423431633,Lynbrook,11563,798000,3
720,4273064857,Port Washington,11050,879000,2
721,3499438412,New Hyde Park,11040,685000,3
722,4927661252,Massapequa Park,11762,1099999,3
723,9673513342,Franklin Square,11010,470000,3
724,3948887720,Valley Stream,11580,795000,3
725,3931673484,Port Washington,11050,1299000,3
726,4946629617,Long Beach,11561,699000,2
727,3893813732,Wantagh,11793,379990,1
728,4848052456,Port Washington,11050,749900,2
729,3237204272,Muttontown,11791,1395000,0
730,3385552988,Rockville Centre,11570,1999999,4
731,3136144630,Baldwin,11510,749999,3
732,3056340577,Lido Beach,11561,2275000,3
733,4960223798,Long Beach,11561,1750000,5
734,3674682652,Rockville Centre,11570,259000,1
735,4323902633,Great Neck,11021,1580000,3
736,4060395644,Westbury,11590,829000,3
737,3942169181,East Hills,11577,1288000,3
738,4902996396,Valley Stream,11580,1698888,3
739,3423431633,Lynbrook,11563,798000,3
740,4273064857,Port Washington,11050,879000,2
741,3499438412,New Hyde Park,11040,685000,3
742,4927661252,Massapequa Park,11762,1099999,3
743,9673513342,Franklin Square,11010,470000,3
744,3948887720,Valley Stream,11580,795000,3
745,3931673484,Port Washington,11050,1299000,3
746,4946629617,Long Beach,11561,699000,2
747,3893813732,Wantagh,11793,379990,1
748,4848052456,Port Washington,11050,749900,2
749,3237204272,Muttontown,11791,1395000,0
750,3385552988,Rockville Centre,11570,1999999,4
751,3136144630,Baldwin,11510,749999,3
752,3056340577,Lido Beach,11561,2275000,3
753,4960223798,Long Beach,11561,1750000,5
754,3674682652,Rockville Centre,11570,259000,1
755,4323902633,Great Neck,11021,1580000,3
756,4060395644,Westbury,11590,829000,3
757,3942169181,East Hills,11577,1288000,3
758,4902996396,Valley Stream,11580,1698888,3
759,3423431633,Lynbrook,11563,798000,3
760,4273064857,Port Washington,11050,879000,2
761,3499438412,New Hyde Park,11040,685000,3
762,4927661252,Massapequa Park,11762,1099999,3
763,9673513342,Franklin Square,11010,470000,3
764,3948887720,Valley Stream,11580,795000,3
765,3931673484,Port Washington,11050,1299000,3
766,4946629617,Long Beach,11561,699000,2
767,3893813732,Wantagh,11793,379990,1
768,4848052456,Port Washington,11050,749900,2
769,3237204272,Muttontown,11791,1395000,0
770,3385552988,Rockville Centre,11570,1999999,4
771,3136144630,Baldwin,11510,749999,3
772,3056340577,Lido Beach,11561,2275000,3
773,4960223798,Long Beach,11561,1750000,5
774,3674682652,Rockville Centre,11570,259000,1
775,4323902633,Great Neck,11021,1580000,3
776,4060395644,Westbury,11590,829000,3
777,3942169181,East Hills,11577,1288000,3
778,4902996396,Valley Stream,11580,1698888,3
779,3423431633,Lynbrook,11563,798000,3
780,4273064857,Port Washington,11050,879000,2
781,3499438412,New Hyde Park,11040,685000,3
782,4927661252,Massapequa Park,11762,1099999,3
783,9673513342,Franklin Square,11010,470000,3
784,3948887720,Valley Stream,11580,795000,3
785,3931673484,Port Washington,11050,1299000,3
786,4946629617,Long Beach,11561,699000,2
787,3893813732,Wantagh,11793,379990,1
788,4848052456,Port Washington,11050,749900,2
789,3237204272,Muttontown,11791,1395000,0
790,3385552988,Rockville Centre,11570,1999999,4
791,3136144630,Baldwin,11510,749999,3
792,3056340577,Lido Beach,11561,2275000,3
793,4960223798,Long Beach,11561,1750000,5
794,3674682652,Rockville Centre,11570,259000,1
795,4323902633,Great Neck,11021,1580000,3
796,4060395644,Westbury,11590,829000,3
797,3942169181,East Hills,11577,1288000,3
798,4902996396,Valley Stream,11580,1698888,3
799,3423431633,Lynbrook,11563,798000,3
800,4273064857,Port Washington,11050,879000,2
801,3499438412,New Hyde Park,11040,685000,3
802,4927661252,Massapequa Park,11762,1099999,3
803,9673513342,Franklin Square,11010,470000,3
804,3948887720,Valley Stream,11580,795000,3
805,3931673484,Port Washington,11050,1299000,3
806,4946629617,Long Beach,11561,699000,2
807,3893813732,Wantagh,11793,379990,1
808,4848052456,Port Washington,11050,749900,2
809,3237204272,Muttontown,11791,1395000,0
810,3385552988,Rockville Centre,11570,1999999,4
811,3136144630,Baldwin,11510,749999,3
812,3056340577,Lido Beach,11561,2275000,3
813,4960223798,Long Beach,11561,1750000,5
814,3674682652,Rockville Centre,11570,259000,1
815,4323902633,Great Neck,11021,1580000,3
816,4060395644,Westbury,11590,829000,3
817,3942169181,East Hills,11577,1288000,3
818,4902996396,Valley Stream,11580,1698888,3
819,3423431633,Lynbrook,11563,798000,3
820,4273064857,Port Washington,11050,879000,2
821,3499438412,New Hyde Park,11040,685000,3
822,4927661252,Massapequa Park,11762,1099999,3
823,9673513342,Franklin Square,11010,470000,3
824,3948887720,Valley Stream,11580,795000,3
825,3931673484,Port Washington,11050,1299000,3
826,4946629617,Long Beach,11561,699000,2
827,3893813732,Wantagh,11793,379990,1
828,4848052456,Port Washington,11050,749900,2
829,3237204272,Muttontown,11791,1395000,0
830,3385552988,Rockville Centre,11570,1999999,4
831,3136144630,Baldwin,11510,749999,3
832,3056340577,Lido Beach,11561,2275000,3
833,4960223798,Long Beach,11561,1750000,5
834,3674682652,Rockville Centre,11570,259000,1
835,4323902633,Great Neck,11021,1580000,3
836,4060395644,Westbury,11590,829000,3
837,3942169181,East Hills,11577,1288000,3
838,4902996396,Valley Stream,11580,1698888,3
839,3423431633,Lynbrook,11563,798000,3
840,4273064857,Port Washington,11050,879000,2
841,3499438412,New Hyde Park,11040,685000,3
842,4927661252,Massapequa Park,11762,1099999,3
843,9673513342,Franklin Square,11010,470000,3
844,3948887720,Valley Stream,11580,795000,3
845,3931673484,Port Washington,11050,1299000,3
846,4946629617,Long Beach,11561,699000,2
847,3893813732,Wantagh,11793,379990,1
848,4848052456,Port Washington,11050,749900,2
849,3237204272,Muttontown,11791,1395000,0
850,3385552988,Rockville Centre,11570,1999999,4
851,3136144630,Baldwin,11510,749999,3
852,3056340577,Lido Beach,11561,2275000,3
853,4960223798,Long Beach,11561,1750000,5
854,3674682652,Rockville Centre,11570,259000,1
855,4323902633,Great Neck,11021,1580000,3
856,4060395644,Westbury,11590,829000,3
857,3942169181,East Hills,11577,1288000,3
858,4902996396,Valley Stream,11580,1698888,3
859,3423431633,Lynbrook,11563,798000,3
860,4273064857,Port Washington,11050,879000,2
861,3499438412,New Hyde Park,11040,685000,3
862,4927661252,Massapequa Park,11762,1099999,3
863,9673513342,Franklin Square,11010,470000,3
864,3948887720,Valley Stream,11580,795000,3
865,3931673484,Port Washington,11050,1299000,3
866,4946629617,Long Beach,11561,699000,2
867,3893813732,Wantagh,11793,379990,1
868,4848052456,Port Washington,11050,749900,2
869,3237204272,Muttontown,11791,1395000,0
870,3385552988,Rockville Centre,11570,1999999,4
871,3136144630,Baldwin,11510,749999,3
872,3056340577,Lido Beach,11561,2275000,3
873,4960223798,Long Beach,11561,1750000,5
874,3674682652,Rockville Centre,11570,259000,1
875,4323902633,Great Neck,11021,1580000,3
876,4060395644,Westbury,11590,829000,3
877,3942169181,East Hills,11577,1288000,3
878,4902996396,Valley Stream,11580,1698888,3
879,3423431633,Lynbrook,11563,798000,3
880,4273064857,Port Washington,11050,879000,2
881,3499438412,New Hyde Park,11040,685000,3
882,4927661252,Massapequa Park,11762,1099999,3
883,9673513342,Franklin Square,11010,470000,3
884,3948887720,Valley Stream,11580,795000,3
885,3931673484,Port Washington,11050,1299000,3
886,4946629617,Long Beach,11561,699000,2
887,3893813732,Wantagh,11793,379990,1
888,4848052456,Port Washington,11050,749900,2
889,3237204272,Muttontown,11791,1395000,0
890,3385552988,Rockville Centre,11570,1999999,4
891,3136144630,Baldwin,11510,749999,3
892,3056340577,Lido Beach,11561,2275000,3
893,4960223798,Long Beach,11561,1750000,5
894,3674682652,Rockville Centre,11570,259000,1
895,4323902633,Great Neck,11021,1580000,3
896,4060395644,Westbury,11590,829000,3
897,3942169181,East Hills,11577,1288000,3
898,4902996396,Valley Stream,11580,1698888,3
899,3423431633,Lynbrook,11563,798000,3
900,4273064857,Port Washington,11050,879000,2
901,3499438412,New Hyde Park,11040,685000,3
902,4927661252,Massapequa Park,11762,1099999,3
903,9673513342,Franklin Square,11010,470000,3
904,3948887720,Valley Stream,11580,795000,3
905,3931673484,Port Washington,11050,1299000,3
906,4946629617,Long Beach,11561,699000,2
907,3893813732,Wantagh,11793,379990,1
908,4848052456,Port Washington,11050,749900,2
909,3237204272,Muttontown,11791,1395000,0
910,3385552988,Rockville Centre,11570,1999999,4
911,3136144630,Baldwin,11510,749999,3
912,3056340577,Lido Beach,11561,2275000,3
913,4960223798,Long Beach,11561,1750000,5
914,3674682652,Rockville Centre,11570,259000,1
915,4323902633,Great Neck,11021,1580000,3
916,4060395644,Westbury,11590,829000,3
917,3942169181,East Hills,11577,1288000,3
918,4902996396,Valley Stream,11580,1698888,3
919,3423431633,Lynbrook,11563,798000,3
920,4273064857,Port Washington,11050,879000,2
921,3499438412,New Hyde Park,11040,685000,3
922,4927661252,Massapequa Park,11762,1099999,3
923,9673513342,Franklin Square,11010,470000,3
924,3948887720,Valley Stream,11580,795000,3
925,3931673484,Port Washington,11050,1299000,3
926,4946629617,Long Beach,11561,699000,2
927,3893813732,Wantagh,11793,379990,1
928,4848052456,Port Washington,11050,749900,2
929,3237204272,Muttontown,11791,1395000,0
930,3385552988,Rockville Centre,11570,1999999,4
931,3136144630,Baldwin,11510,749999,3
932,3056340577,Lido Beach,11561,2275000,3
933,4960223798,Long Beach,11561,1750000,5
934,3674682652,Rockville Centre,11570,259000,1
935,4323902633,Great Neck,11021,1580000,3
936,4060395644,Westbury,11590,829000,3
937,3942169181,East Hills,11577,1288000,3
938,4902996396,Valley Stream,11580,1698888,3
939,3423431633,Lynbrook,11563,798000,3
940,4273064857,Port Washington,11050,879000,2
941,3499438412,New Hyde Park,11040,685000,3
942,4927661252,Massapequa Park,11762,1099999,3
943,9673513342,Franklin Square,11010,470000,3
944,3948887720,Valley Stream,11580,795000,3
945,3931673484,Port Washington,11050,1299000,3
946,4946629617,Long Beach,11561,699000,2
947,3893813732,Wantagh,11793,379990,1
948,4848052456,Port Washington,11050,749900,2
949,3237204272,Muttontown,11791,1395000,0
950,3385552988,Rockville Centre,11570,1999999,4
951,3136144630,Baldwin,11510,749999,3
952,3056340577,Lido Beach,11561,2275000,3
953,4960223798,Long Beach,11561,1750000,5
954,3674682652,Rockville Centre,11570,259000,1
955,4323902633,Great Neck,11021,1580000,3
956,4060395644,Westbury,11590,829000,3
957,3942169181,East Hills,11577,1288000,3
958,4902996396,Valley Stream,11580,1698888,3
959,3423431633,Lynbrook,11563,798000,3
960,4273064857,Port Washington,11050,879000,2
961,3499438412,New Hyde Park,11040,685000,3
962,4927661252,Massapequa Park,11762,1099999,3
963,9673513342,Franklin Square,11010,470000,3
964,3948887720,Valley Stream,11580,795000,3
965,3931673484,Port Washington,11050,1299000,3
966,4946629617,Long Beach,11561,699000,2
967,3893813732,Wantagh,11793,379990,1
968,4848052456,Port Washington,11050,749900,2
969,3237204272,Muttontown,11791,1395000,0
970,3385552988,Rockville Centre,11570,1999999,4
971,3136144630,Baldwin,11510,749999,3
972,3056340577,Lido Beach,11561,2275000,3
973,4960223798,Long Beach,11561,1750000,5
974,3674682652,Rockville Centre,11570,259000,1
975,4323902633,Great Neck,11021,1580000,3
976,4060395644,Westbury,11590,829000,3
977,3942169181,East Hills,11577,1288000,3
978,4902996396,Valley Stream,11580,1698888,3
979,3423431633,Lynbrook,11563,798000,3
980,4273064857,Port Washington,11050,879000,2
981,3499438412,New Hyde Park,11040,685000,3
982,4927661252,Massapequa Park,11762,1099999,3
983,9673513342,Franklin Square,11010,470000,3
984,3948887720,Valley Stream,11580,795000,3
985,3931673484,Port Washington,11050,1299000,3
986,4946629617,Long Beach,11561,699000,2
987,3893813732,Wantagh,11793,379990,1
988,4848052456,Port Washington,11050,749900,2
989,3237204272,Muttontown,11791,1395000,0
990,3385552988,Rockville Centre,11570,1999999,4
991,3136144630,Baldwin,11510,749999,3
992,3056340577,Lido Beach,11561,2275000,3
993,4960223798,Long Beach,11561,1750000,5
994,3674682652,Rockville Centre,11570,259000,1
995,4323902633,Great Neck,11021,1580000,3
996,4060395644,Westbury,11590,829000,3
997,3942169181,East Hills,11577,1288000,3
998,4902996396,Valley Stream,11580,1698888,3
999,3423431633,Lynbrook,11563,798000,3
1000,4273064857,Port Washington,11050,879000,2
1001,3499438412,New Hyde Park,11040,685000,3
1002,4927661252,Massapequa Park,11762,1099999,3
1003,9673513342,Franklin Square,11010,470000,3
1004,3948887720,Valley Stream,11580,795000,3
1005,3931673484,Port Washington,11050,1299000,3
1006,4946629617,Long Beach,11561,699000,2
1007,3893813732,Wantagh,11793,379990,1
1008,4848052456,Port Washington,11050,749900,2
1009,3237204272,Muttontown,11791,1395000,0
1010,3385552988,Rockville Centre,11570,1999999,4
1011,3136144630,Baldwin,11510,749999,3
1012,3056340577,Lido Beach,11561,2275000,3
1013,4960223798,Long Beach,11561,1750000,5
1014,3674682652,Rockville Centre,11570,259000,1
1015,4323902633,Great Neck,11021,1580000,3
1016,4060395644,Westbury,11590,829000,3
1017,3942169181,East Hills,11577,1288000,3
1018,4902996396,Valley Stream,11580,1698888,3
1019,3423431633,Lynbrook,11563,798000,3
1020,4273064857,Port Washington,11050,879000,2
1021,3499438412,New Hyde Park,11040,685000,3
1022,4927661252,Massapequa Park,11762,1099999,3
1023,9673513342,Franklin Square,11010,470000,3
1024,3948887720,Valley Stream,11580,795000,3
1025,3931673484,Port Washington,11050,1299000,3
1026,4946629617,Long Beach,11561,699000,2
1027,3893813732,Wantagh,11793,379990,1
1028,4848052456,Port Washington,11050,749900,2
1029,3237204272,Muttontown,11791,1395000,0
1030,3385552988,Rockville Centre,11570,1999999,4
1031,3136144630,Baldwin,11510,749999,3
1032,3056340577,Lido Beach,11561,2275000,3
1033,4960223798,Long Beach,11561,1750000,5
1034,3674682652,Rockville Centre,11570,259000,1
1035,4323902633,Great Neck,11021,1580000,3
1036,4060395644,Westbury,11590,829000,3
1037,3942169181,East Hills,11577,1288000,3
1038,4902996396,Valley Stream,11580,1698888,3
1039,3423431633,Lynbrook,11563,798000,3
1040,4273064857,Port Washington,11050,879000,2
1041,3499438412,New Hyde Park,11040,685000,3
1042,4927661252,Massapequa Park,11762,1099999,3
1043,9673513342,Franklin Square,11010,470000,3
1044,3948887720,Valley Stream,11580,795000,3
1045,3931673484,Port Washington,11050,1299000,3
1046,4946629617,Long Beach,11561,699000,2
1047,3893813732,Wantagh,11793,379990,1
1048,4848052456,Port Washington,11050,749900,2
1049,3237204272,Muttontown,11791,1395000,0
1050,3385552988,Rockville Centre,11570,1999999,4
1051,3136144630,Baldwin,11510,749999,3
1052,3056340577,Lido Beach,11561,2275000,3
1053,4960223798,Long Beach,11561,1750000,5
1054,3674682652,Rockville Centre,11570,259000,1
1055,4323902633,Great Neck,11021,1580000,3
1056,4060395644,Westbury,11590,829000,3
1057,3942169181,East Hills,11577,1288000,3
1058,4902996396,Valley Stream,11580,1698888,3
1059,3423431633,Lynbrook,11563,798000,3
1060,4273064857,Port Washington,11050,879000,2
1061,3499438412,New Hyde Park,11040,685000,3
1062,4927661252,Massapequa Park,11762,1099999,3
1063,9673513342,Franklin Square,11010,470000,3
1064,3948887720,Valley Stream,11580,795000,3
1065,3931673484,Port Washington,11050,1299000,3
1066,4946629617,Long Beach,11561,699000,2
1067,3893813732,Wantagh,11793,379990,1
1068,4848052456,Port Washington,11050,749900,2
1069,3237204272,Muttontown,11791,1395000,0
1070,3385552988,Rockville Centre,11570,1999999,4
1071,3136144630,Baldwin,11510,749999,3
1072,3056340577,Lido Beach,11561,2275000,3
1073,4960223798,Long Beach,11561,1750000,5
1074,3674682652,Rockville Centre,11570,259000,1
1075,4323902633,Great Neck,11021,1580000,3
1076,4060395644,Westbury,11590,829000,3
1077,3942169181,East Hills,11577,1288000,3
1078,4902996396,Valley Stream,11580,1698888,3
1079,3423431633,Lynbrook,11563,798000,3
1080,4273064857,Port Washington,11050,879000,2
1081,3499438412,New Hyde Park,11040,685000,3
1082,4927661252,Massapequa Park,11762,1099999,3
1083,9673513342,Franklin Square,11010,470000,3
1084,3948887720,Valley Stream,11580,795000,3
1085,3931673484,Port Washington,11050,1299000,3
1086,4946629617,Long Beach,11561,699000,2
1087,3893813732,Wantagh,11793,379990,1
1088,4848052456,Port Washington,11050,749900,2
1089,3237204272,Muttontown,11791,1395000,0
1090,3385552988,Rockville Centre,11570,1999999,4
1091,3136144630,Baldwin,11510,749999,3
1092,3056340577,Lido Beach,11561,2275000,3
1093,4960223798,Long Beach,11561,1750000,5
1094,3674682652,Rockville Centre,11570,259000,1
1095,4323902633,Great Neck,11021,1580000,3
1096,4060395644,Westbury,11590,829000,3
1097,3942169181,East Hills,11577,1288000,3
1098,4902996396,Valley Stream,11580,1698888,3
1099,3423431633,Lynbrook,11563,798000,3
1100,4273064857,Port Washington,11050,879000,2
1101,3499438412,New Hyde Park,11040,685000,3
1102,4927661252,Massapequa Park,11762,1099999,3
1103,9673513342,Franklin Square,11010,470000,3
1104,3948887720,Valley Stream,11580,795000,3
1105,3931673484,Port Washington,11050,1299000,3
1106,4946629617,Long Beach,11561,699000,2
1107,3893813732,Wantagh,11793,379990,1
1108,4848052456,Port Washington,11050,749900,2
1109,3237204272,Muttontown,11791,1395000,0
1110,3385552988,Rockville Centre,11570,1999999,4
1111,3136144630,Baldwin,11510,749999,3
1112,3056340577,Lido Beach,11561,2275000,3
1113,4960223798,Long Beach,11561,1750000,5
1114,3674682652,Rockville Centre,11570,259000,1
1115,4323902633,Great Neck,11021,1580000,3
1116,4060395644,Westbury,11590,829000,3
1117,3942169181,East Hills,11577,1288000,3
1118,4902996396,Valley Stream,11580,1698888,3
1119,3423431633,Lynbrook,11563,798000,3
1120,4273064857,Port Washington,11050,879000,2
1121,3499438412,New Hyde Park,11040,685000,3
1122,4927661252,Massapequa Park,11762,1099999,3
1123,9673513342,Franklin Square,11010,470000,3
1124,3948887720,Valley Stream,11580,795000,3
1125,3931673484,Port Washington,11050,1299000,3
1126,4946629617,Long Beach,11561,699000,2
1127,3893813732,Wantagh,11793,379990,1
1128,4848052456,Port Washington,11050,749900,2
1129,3237204272,Muttontown,11791,1395000,0
1130,3385552988,Rockville Centre,11570,1999999,4
1131,3136144630,Baldwin,11510,749999,3
1132,3056340577,Lido Beach,11561,2275000,3
1133,4960223798,Long Beach,11561,1750000,5
1134,3674682652,Rockville Centre,11570,259000,1
1135,4323902633,Great Neck,11021,1580000,3
1136,4060395644,Westbury,11590,829000,3
1137,3942169181,East Hills,11577,1288000,3
1138,4902996396,Valley Stream,11580,1698888,3
1139,3423431633,Lynbrook,11563,798000,3
1140,4273064857,Port Washington,11050,879000,2
1141,3499438412,New Hyde Park,11040,685000,3
1142,4927661252,Massapequa Park,11762,1099999,3
1143,9673513342,Franklin Square,11010,470000,3
1144,3948887720,Valley Stream,11580,795000,3
1145,3931673484,Port Washington,11050,1299000,3
1146,4946629617,Long Beach,11561,699000,2
1147,3893813732,Wantagh,11793,379990,1
1148,4848052456,Port Washington,11050,749900,2
1149,3237204272,Muttontown,11791,1395000,0
1150,3385552988,Rockville Centre,11570,1999999,4
1151,3136144630,Baldwin,11510,749999,3
1152,3056340577,Lido Beach,11561,2275000,3
1153,4960223798,Long Beach,11561,1750000,5
1154,3674682652,Rockville Centre,11570,259000,1
1155,4323902633,Great Neck,11021,1580000,3
1156,4060395644,Westbury,11590,829000,3
1157,3942169181,East Hills,11577,1288000,3
1158,4902996396,Valley Stream,11580,1698888,3
1159,3423431633,Lynbrook,11563,798000,3
1160,4273064857,Port Washington,11050,879000,2
1161,3499438412,New Hyde Park,11040,685000,3
1162,4927661252,Massapequa Park,11762,1099999,3
1163,9673513342,Franklin Square,11010,470000,3
1164,3948887720,Valley Stream,11580,795000,3
1165,3931673484,Port Washington,11050,1299000,3
1166,4946629617,Long Beach,11561,699000,2
1167,3893813732,Wantagh,11793,379990,1
1168,4848052456,Port Washington,11050,749900,2
1169,3237204272,Muttontown,11791,1395000,0
1170,3385552988,Rockville Centre,11570,1999999,4
1171,3136144630,Baldwin,11510,749999,3
1172,3056340577,Lido Beach,11561,2275000,3
1173,4960223798,Long Beach,11561,1750000,5
1174,3674682652,Rockville Centre,11570,259000,1
1175,4323902633,Great Neck,11021,1580000,3
1176,4060395644,Westbury,11590,829000,3
1177,3942169181,East Hills,11577,1288000,3
1178,4902996396,Valley Stream,11580,1698888,3
1179,3423431633,Lynbrook,11563,798000,3
1180,4273064857,Port Washington,11050,879000,2
1181,3499438412,New Hyde Park,11040,685000,3
1182,4927661252,Massapequa Park,11762,1099999,3
1183,9673513342,Franklin Square,11010,470000,3
1184,3948887720,Valley Stream,11580,795000,3
1185,3931673484,Port Washington,11050,1299000,3
1186,4946629617,Long Beach,11561,699000,2
1187,3893813732,Wantagh,11793,379990,1
1188,4848052456,Port Washington,11050,749900,2
1189,3237204272,Muttontown,11791,1395000,0
1190,3385552988,Rockville Centre,11570,1999999,4
1191,3136144630,Baldwin,11510,749999,3
1192,3056340577,Lido Beach,11561,2275000,3
1193,4960223798,Long Beach,11561,1750000,5
1194,3674682652,Rockville Centre,11570,259000,1
1195,4323902633,Great Neck,11021,1580000,3
1196,4060395644,Westbury,11590,829000,3
1197,3942169181,East Hills,11577,1288000,3
1198,4902996396,Valley Stream,11580,1698888,3
1199,3423431633,Lynbrook,11563,798000,3
1200,4273064857,Port Washington,11050,879000,2
1201,3499438412,New Hyde Park,11040,685000,3
1202,4927661252,Massapequa Park,11762,1099999,3
1203,9673513342,Franklin Square,11010,470000,3
1204,3948887720,Valley Stream,11580,795000,3
1205,3931673484,Port Washington,11050,1299000,3
1206,4946629617,Long Beach,11561,699000,2
1207,3893813732,Wantagh,11793,379990,1
1208,4848052456,Port Washington,11050,749900,2
1209,3237204272,Muttontown,11791,1395000,0
1210,3385552988,Rockville Centre,11570,1999999,4
1211,3136144630,Baldwin,11510,749999,3
1212,3056340577,Lido Beach,11561,2275000,3
1213,4960223798,Long Beach,11561,1750000,5
1214,3674682652,Rockville Centre,11570,259000,1
1215,4323902633,Great Neck,11021,1580000,3
1216,4060395644,Westbury,11590,829000,3
1217,3942169181,East Hills,11577,1288000,3
1218,4902996396,Valley Stream,11580,1698888,3
1219,3423431633,Lynbrook,11563,798000,3
1220,4273064857,Port Washington,11050,879000,2
1221,3499438412,New Hyde Park,11040,685000,3
1222,4927661252,Massapequa Park,11762,1099999,3
1223,9673513342,Franklin Square,11010,470000,3
1224,3948887720,Valley Stream,11580,795000,3
1225,3931673484,Port Washington,11050,1299000,3
1226,4946629617,Long Beach,11561,699000,2
1227,3893813732,Wantagh,11793,379990,1
1228,4848052456,Port Washington,11050,749900,2
1229,3237204272,Muttontown,11791,1395000,0
1230,3385552988,Rockville Centre,11570,1999999,4
1231,3136144630,Baldwin,11510,749999,3
1232,3056340577,Lido Beach,11561,2275000,3
1233,4960223798,Long Beach,11561,1750000,5
1234,3674682652,Rockville Centre,11570,259000,1
1235,4323902633,Great Neck,11021,1580000,3
1236,4060395644,Westbury,11590,829000,3
1237,3942169181,East Hills,11577,1288000,3
1238,4902996396,Valley Stream,11580,1698888,3
1239,3423431633,Lynbrook,11563,798000,3
1240,4273064857,Port Washington,11050,879000,2
1241,3499438412,New Hyde Park,11040,685000,3
1242,4927661252,Massapequa Park,11762,1099999,3
1243,9673513342,Franklin Square,11010,470000,3
1244,3948887720,Valley Stream,11580,795000,3
1245,3931673484,Port Washington,11050,1299000,3
1246,4946629617,Long Beach,11561,699000,2
1247,3893813732,Wantagh,11793,379990,1
1248,4848052456,Port Washington,11050,749900,2
1249,3237204272,Muttontown,11791,1395000,0
1250,3385552988,Rockville Centre,11570,1999999,4
1251,3136144630,Baldwin,11510,749999,3
1252,3056340577,Lido Beach,11561,2275000,3
1253,4960223798,Long Beach,11561,1750000,5
1254,3674682652,Rockville Centre,11570,259000,1
1255,4323902633,Great Neck,11021,1580000,3
1256,4060395644,Westbury,11590,829000,3
1257,3942169181,East Hills,11577,1288000,3
1258,4902996396,Valley Stream,11580,1698888,3
1259,3423431633,Lynbrook,11563,798000,3
1260,4273064857,Port Washington,11050,879000,2
1261,3499438412,New Hyde Park,11040,685000,3
1262,4927661252,Massapequa Park,11762,1099999,3
1263,9673513342,Franklin Square,11010,470000,3
1264,3948887720,Valley Stream,11580,795000,3
1265,3931673484,Port Washington,11050,1299000,3
1266,4946629617,Long Beach,11561,699000,2
1267,3893813732,Wantagh,11793,379990,1
1268,4848052456,Port Washington,11050,749900,2
1269,3237204272,Muttontown,11791,1395000,0
1270,3385552988,Rockville Centre,11570,1999999,4
1271,3136144630,Baldwin,11510,749999,3
1272,3056340577,Lido Beach,11561,2275000,3
1273,4960223798,Long Beach,11561,1750000,5
1274,3674682652,Rockville Centre,11570,259000,1
1275,4323902633,Great Neck,11021,1580000,3
1276,4060395644,Westbury,11590,829000,3
1277,3942169181,East Hills,11577,1288000,3
1278,4902996396,Valley Stream,11580,1698888,3
1279,3423431633,Lynbrook,11563,798000,3
1280,4273064857,Port Washington,11050,879000,2
1281,3499438412,New Hyde Park,11040,685000,3
1282,4927661252,Massapequa Park,11762,1099999,3
1283,9673513342,Franklin Square,11010,470000,3
1284,3948887720,Valley Stream,11580,795000,3
1285,3931673484,Port Washington,11050,1299000,3
1286,4946629617,Long Beach,11561,699000,2
1287,3893813732,Wantagh,11793,379990,1
1288,4848052456,Port Washington,11050,749900,2
1289,3237204272,Muttontown,11791,1395000,0
1290,3385552988,Rockville Centre,11570,1999999,4
1291,3136144630,Baldwin,11510,749999,3
1292,3056340577,Lido Beach,11561,2275000,3
1293,4960223798,Long Beach,11561,1750000,5
1294,3674682652,Rockville Centre,11570,259000,1
1295,4323902633,Great Neck,11021,1580000,3
1296,4060395644,Westbury,11590,829000,3
1297,3942169181,East Hills,11577,1288000,3
1298,4902996396,Valley Stream,11580,1698888,3
1299,3423431633,Lynbrook,11563,798000,3
1300,4273064857,Port Washington,11050,879000,2
1301,3499438412,New Hyde Park,11040,685000,3
1302,4927661252,Massapequa Park,11762,1099999,3
1303,9673513342,Franklin Square,11010,470000,3
1304,3948887720,Valley Stream,11580,795000,3
1305,3931673484,Port Washington,11050,1299000,3
1306,4946629617,Long Beach,11561,699000,2
1307,3893813732,Wantagh,11793,379990,1
1308,4848052456,Port Washington,11050,749900,2
1309,3237204272,Muttontown,11791,1395000,0
1310,3385552988,Rockville Centre,11570,1999999,4
1311,3136144630,Baldwin,11510,749999,3
1312,3056340577,Lido Beach,11561,2275000,3
1313,4960223798,Long Beach,11561,1750000,5
1314,3674682652,Rockville Centre,11570,259000,1
1315,4323902633,Great Neck,11021,1580000,3
1316,4060395644,Westbury,11590,829000,3
1317,3942169181,East Hills,11577,1288000,3
1318,4902996396,Valley Stream,11580,1698888,3
1319,3423431633,Lynbrook,11563,798000,3
1320,4273064857,Port Washington,11050,879000,2
1321,3499438412,New Hyde Park,11040,685000,3
1322,4927661252,Massapequa Park,11762,1099999,3
1323,9673513342,Franklin Square,11010,470000,3
1324,3948887720,Valley Stream,11580,795000,3
1325,3931673484,Port Washington,11050,1299000,3
1326,4946629617,Long Beach,11561,699000,2
1327,3893813732,Wantagh,11793,379990,1
1328,4848052456,Port Washington,11050,749900,2
1329,3237204272,Muttontown,11791,1395000,0
1330,3385552988,Rockville Centre,11570,1999999,4
1331,3136144630,Baldwin,11510,749999,3
1332,3056340577,Lido Beach,11561,2275000,3
1333,4960223798,Long Beach,11561,1750000,5
1334,3674682652,Rockville Centre,11570,259000,1
1335,4323902633,Great Neck,11021,1580000,3
1336,4060395644,Westbury,11590,829000,3
1337,3942169181,East Hills,11577,1288000,3
1338,4902996396,Valley Stream,11580,1698888,3
1339,3423431633,Lynbrook,11563,798000,3
1340,4273064857,Port Washington,11050,879000,2
1341,3499438412,New Hyde Park,11040,685000,3
1342,4927661252,Massapequa Park,11762,1099999,3
1343,9673513342,Franklin Square,11010,470000,3
1344,3948887720,Valley Stream,11580,795000,3
1345,3931673484,Port Washington,11050,1299000,3
1346,4946629617,Long Beach,11561,699000,2
1347,3893813732,Wantagh,11793,379990,1
1348,4848052456,Port Washington,11050,749900,2
1349,3237204272,Muttontown,11791,1395000,0
1350,3385552988,Rockville Centre,11570,1999999,4
1351,3136144630,Baldwin,11510,749999,3
1352,3056340577,Lido Beach,11561,2275000,3
1353,4960223798,Long Beach,11561,1750000,5
1354,3674682652,Rockville Centre,11570,259000,1
1355,4323902633,Great Neck,11021,1580000,3
1356,4060395644,Westbury,11590,829000,3
1357,3942169181,East Hills,11577,1288000,3
1358,4902996396,Valley Stream,11580,1698888,3
1359,3423431633,Lynbrook,11563,798000,3
1360,4273064857,Port Washington,11050,879000,2
1361,3499438412,New Hyde Park,11040,685000,3
1362,4927661252,Massapequa Park,11762,1099999,3
1363,9673513342,Franklin Square,11010,470000,3
1364,3948887720,Valley Stream,11580,795000,3
1365,3931673484,Port Washington,11050,1299000,3
1366,4946629617,Long Beach,11561,699000,2
1367,3893813732,Wantagh,11793,379990,1
1368,4848052456,Port Washington,11050,749900,2
1369,3237204272,Muttontown,11791,1395000,0
1370,3385552988,Rockville Centre,11570,1999999,4
1371,3136144630,Baldwin,11510,749999,3
1372,3056340577,Lido Beach,11561,2275000,3
1373,4960223798,Long Beach,11561,1750000,5
1374,3674682652,Rockville Centre,11570,259000,1
1375,4323902633,Great Neck,11021,1580000,3
1376,4060395644,Westbury,11590,829000,3
1377,3942169181,East Hills,11577,1288000,3
1378,4902996396,Valley Stream,11580,1698888,3
1379,3423431633,Lynbrook,11563,798000,3
1380,4273064857,Port Washington,11050,879000,2
1381,3499438412,New Hyde Park,11040,685000,3
1382,4927661252,Massapequa Park,11762,1099999,3
1383,9673513342,Franklin Square,11010,470000,3
1384,3948887720,Valley Stream,11580,795000,3
1385,3931673484,Port Washington,11050,1299000,3
1386,4946629617,Long Beach,11561,699000,2
1387,3893813732,Wantagh,11793,379990,1
1388,4848052456,Port Washington,11050,749900,2
1389,3237204272,Muttontown,11791,1395000,0
1390,3385552988,Rockville Centre,11570,1999999,4
1391,3136144630,Baldwin,11510,749999,3
1392,3056340577,Lido Beach,11561,2275000,3
1393,4960223798,Long Beach,11561,1750000,5
1394,3674682652,Rockville Centre,11570,259000,1
1395,4323902633,Great Neck,11021,1580000,3
1396,4060395644,Westbury,11590,829000,3
1397,3942169181,East Hills,11577,1288000,3
1398,4902996396,Valley Stream,11580,1698888,3
1399,3423431633,Lynbrook,11563,798000,3
1400,4273064857,Port Washington,11050,879000,2
1401,3499438412,New Hyde Park,11040,685000,3
1402,4927661252,Massapequa Park,11762,1099999,3
1403,9673513342,Franklin Square,11010,470000,3
1404,3948887720,Valley Stream,11580,795000,3
1405,3931673484,Port Washington,11050,1299000,3
1406,4946629617,Long Beach,11561,699000,2
1407,3893813732,Wantagh,11793,379990,1
1408,4848052456,Port Washington,11050,749900,2
1409,3237204272,Muttontown,11791,1395000,0
1410,3385552988,Rockville Centre,11570,1999999,4
1411,3136144630,Baldwin,11510,749999,3
1412,3056340577,Lido Beach,11561,2275000,3
1413,4960223798,Long Beach,11561,1750000,5
1414,3674682652,Rockville Centre,11570,259000,1
1415,4323902633,Great Neck,11021,1580000,3
1416,4060395644,Westbury,11590,829000,3
1417,3942169181,East Hills,11577,1288000,3
1418,4902996396,Valley Stream,11580,1698888,3
1419,3423431633,Lynbrook,11563,798000,3
1420,4273064857,Port Washington,11050,879000,2
1421,3499438412,New Hyde Park,11040,685000,3
1422,4927661252,Massapequa Park,11762,1099999,3
1423,9673513342,Franklin Square,11010,470000,3
1424,3948887720,Valley Stream,11580,795000,3
1425,3931673484,Port Washington,11050,1299000,3
1426,4946629617,Long Beach,11561,699000,2
1427,3893813732,Wantagh,11793,379990,1
1428,4848052456,Port Washington,11050,749900,2
1429,3237204272,Muttontown,11791,1395000,0
1430,3385552988,Rockville Centre,11570,1999999,4
1431,3136144630,Baldwin,11510,749999,3
1432,3056340577,Lido Beach,11561,2275000,3
1433,4960223798,Long Beach,11561,1750000,5
1434,3674682652,Rockville Centre,11570,259000,1
1435,4323902633,Great Neck,11021,1580000,3
1436,4060395644,Westbury,11590,829000,3
1437,3942169181,East Hills,11577,1288000,3
1438,4902996396,Valley Stream,11580,1698888,3
1439,3423431633,Lynbrook,11563,798000,3
1440,4273064857,Port Washington,11050,879000,2
1441,3499438412,New Hyde Park,11040,685000,3
1442,4927661252,Massapequa Park,11762,1099999,3
1443,9673513342,Franklin Square,11010,470000,3
1444,3948887720,Valley Stream,11580,795000,3
1445,3931673484,Port Washington,11050,1299000,3
1446,4946629617,Long Beach,11561,699000,2
1447,3893813732,Wantagh,11793,379990,1
1448,4848052456,Port Washington,11050,749900,2
1449,3237204272,Muttontown,11791,1395000,0
1450,3385552988,Rockville Centre,11570,1999999,4
1451,3136144630,Baldwin,11510,749999,3
1452,3056340577,Lido Beach,11561,2275000,3
1453,4960223798,Long Beach,11561,1750000,5
1454,3674682652,Rockville Centre,11570,259000,1
1455,4323902633,Great Neck,11021,1580000,3
1456,4060395644,Westbury,11590,829000,3
1457,3942169181,East Hills,11577,1288000,3
1458,4902996396,Valley Stream,11580,1698888,3
1459,3423431633,Lynbrook,11563,798000,3
1460,4273064857,Port Washington,11050,879000,2
1461,3499438412,New Hyde Park,11040,685000,3
1462,4927661252,Massapequa Park,11762,1099999,3
1463,9673513342,Franklin Square,11010,470000,3
1464,3948887720,Valley Stream,11580,795000,3
1465,3931673484,Port Washington,11050,1299000,3
1466,4946629617,Long Beach,11561,699000,2
1467,3893813732,Wantagh,11793,379990,1
1468,4848052456,Port Washington,11050,749900,2
1469,3237204272,Muttontown,11791,1395000,0
1470,3385552988,Rockville Centre,11570,1999999,4
1471,3136144630,Baldwin,11510,749999,3
1472,3056340577,Lido Beach,11561,2275000,3
1473,4960223798,Long Beach,11561,1750000,5
1474,3674682652,Rockville Centre,11570,259000,1
1475,4323902633,Great Neck,11021,1580000,3
1476,4060395644,Westbury,11590,829000,3
1477,3942169181,East Hills,11577,1288000,3
1478,4902996396,Valley Stream,11580,1698888,3
1479,3423431633,Lynbrook,11563,798000,3
1480,4273064857,Port Washington,11050,879000,2
1481,3499438412,New Hyde Park,11040,685000,3
1482,4927661252,Massapequa Park,11762,1099999,3
1483,9673513342,Franklin Square,11010,470000,3
1484,3948887720,Valley Stream,11580,795000,3
1485,3931673484,Port Washington,11050,1299000,3
1486,4946629617,Long Beach,11561,699000,2
1487,3893813732,Wantagh,11793,379990,1
1488,4848052456,Port Washington,11050,749900,2
1489,3237204272,Muttontown,11791,1395000,0
1490,3385552988,Rockville Centre,11570,1999999,4
1491,3136144630,Baldwin,11510,749999,3
1492,3056340577,Lido Beach,11561,2275000,3
1493,4960223798,Long Beach,11561,1750000,5
1494,3674682652,Rockville Centre,11570,259000,1
1495,4323902633,Great Neck,11021,1580000,3
1496,4060395644,Westbury,11590,829000,3
1497,3942169181,East Hills,11577,1288000,3
1498,4902996396,Valley Stream,11580,1698888,3
1499,3423431633,Lynbrook,11563,798000,3
1500,4273064857,Port Washington,11050,879000,2
1501,3499438412,New Hyde Park,11040,685000,3
1502,4927661252,Massapequa Park,11762,1099999,3
1503,9673513342,Franklin Square,11010,470000,3
1504,3948887720,Valley Stream,11580,795000,3
1505,3931673484,Port Washington,11050,1299000,3
1506,4946629617,Long Beach,11561,699000,2
1507,3893813732,Wantagh,11793,379990,1
1508,4848052456,Port Washington,11050,749900,2
1509,3237204272,Muttontown,11791,1395000,0
1510,3385552988,Rockville Centre,11570,1999999,4
1511,3136144630,Baldwin,11510,749999,3
1512,3056340577,Lido Beach,11561,2275000,3
1513,4960223798,Long Beach,11561,1750000,5
1514,3674682652,Rockville Centre,11570,259000,1
1515,4323902633,Great Neck,11021,1580000,3
1516,4060395644,Westbury,11590,829000,3
1517,3942169181,East Hills,11577,1288000,3
1518,4902996396,Valley Stream,11580,1698888,3
1519,3423431633,Lynbrook,11563,798000,3
1520,4273064857,Port Washington,11050,879000,2
1521,3499438412,New Hyde Park,11040,685000,3
1522,4927661252,Massapequa Park,11762,1099999,3
1523,9673513342,Franklin Square,11010,470000,3
1524,3948887720,Valley Stream,11580,795000,3
1525,3931673484,Port Washington,11050,1299000,3
1526,4946629617,Long Beach,11561,699000,2
1527,3893813732,Wantagh,11793,379990,1
1528,4848052456,Port Washington,11050,749900,2
1529,3237204272,Muttontown,11791,1395000,0
1530,3385552988,Rockville Centre,11570,1999999,4
1531,3136144630,Baldwin,11510,749999,3
1532,3056340577,Lido Beach,11561,2275000,3
1533,4960223798,Long Beach,11561,1750000,5
1534,3674682652,Rockville Centre,11570,259000,1
1535,4323902633,Great Neck,11021,1580000,3
1536,4060395644,Westbury,11590,829000,3
1537,3942169181,East Hills,11577,1288000,3
1538,4902996396,Valley Stream,11580,1698888,3
1539,3423431633,Lynbrook,11563,798000,3
1540,4273064857,Port Washington,11050,879000,2
1541,3499438412,New Hyde Park,11040,685000,3
1542,4927661252,Massapequa Park,11762,1099999,3
1543,9673513342,Franklin Square,11010,470000,3
1544,3948887720,Valley Stream,11580,795000,3
1545,3931673484,Port Washington,11050,1299000,3
1546,4946629617,Long Beach,11561,699000,2
1547,3893813732,Wantagh,11793,379990,1
1548,4848052456,Port Washington,11050,749900,2
1549,3237204272,Muttontown,11791,1395000,0
1550,3385552988,Rockville Centre,11570,1999999,4
1551,3136144630,Baldwin,11510,749999,3
1552,3056340577,Lido Beach,11561,2275000,3
1553,4960223798,Long Beach,11561,1750000,5
1554,3674682652,Rockville Centre,11570,259000,1
1555,4323902633,Great Neck,11021,1580000,3
1556,4060395644,Westbury,11590,829000,3
1557,3942169181,East Hills,11577,1288000,3
1558,4902996396,Valley Stream,11580,1698888,3
1559,3423431633,Lynbrook,11563,798000,3
1560,4273064857,Port Washington,11050,879000,2
1561,3499438412,New Hyde Park,11040,685000,3
1562,4927661252,Massapequa Park,11762,1099999,3
1563,9673513342,Franklin Square,11010,470000,3
1564,3948887720,Valley Stream,11580,795000,3
1565,3931673484,Port Washington,11050,1299000,3
1566,4946629617,Long Beach,11561,699000,2
1567,3893813732,Wantagh,11793,379990,1
1568,4848052456,Port Washington,11050,749900,2
1569,3237204272,Muttontown,11791,1395000,0
1570,3385552988,Rockville Centre,11570,1999999,4
1571,3136144630,Baldwin,11510,749999,3
1572,3056340577,Lido Beach,11561,2275000,3
1573,4960223798,Long Beach,11561,1750000,5
1574,3674682652,Rockville Centre,11570,259000,1
1575,4323902633,Great Neck,11021,1580000,3
1576,4060395644,Westbury,11590,829000,3
1577,3942169181,East Hills,11577,1288000,3
1578,4902996396,Valley Stream,11580,1698888,3
1579,3423431633,Lynbrook,11563,798000,3
1580,4273064857,Port Washington,11050,879000,2
1581,3499438412,New Hyde Park,11040,685000,3
1582,4927661252,Massapequa Park,11762,1099999,3
1583,9673513342,Franklin Square,11010,470000,3
1584,3948887720,Valley Stream,11580,795000,3
1585,3931673484,Port Washington,11050,1299000,3
1586,4946629617,Long Beach,11561,699000,2
1587,3893813732,Wantagh,11793,379990,1
1588,4848052456,Port Washington,11050,749900,2
1589,3237204272,Muttontown,11791,1395000,0
1590,3385552988,Rockville Centre,11570,1999999,4
1591,3136144630,Baldwin,11510,749999,3
1592,3056340577,Lido Beach,11561,2275000,3
1593,4960223798,Long Beach,11561,1750000,5
1594,3674682652,Rockville Centre,11570,259000,1
1595,4323902633,Great Neck,11021,1580000,3
1596,4060395644,Westbury,11590,829000,3
1597,3942169181,East Hills,11577,1288000,3
1598,4902996396,Valley Stream,11580,1698888,3
1599,3423431633,Lynbrook,11563,798000,3
1600,4273064857,Port Washington,11050,879000,2
1601,3499438412,New Hyde Park,11040,685000,3
1602,4927661252,Massapequa Park,11762,1099999,3
1603,9673513342,Franklin Square,11010,470000,3
1604,3948887720,Valley Stream,11580,795000,3
1605,3931673484,Port Washington,11050,1299000,3
1606,4946629617,Long Beach,11561,699000,2
1607,3893813732,Wantagh,11793,379990,1
1608,4848052456,Port Washington,11050,749900,2
1609,3237204272,Muttontown,11791,1395000,0
1610,3385552988,Rockville Centre,11570,1999999,4
1611,3136144630,Baldwin,11510,749999,3
1612,3056340577,Lido Beach,11561,2275000,3
1613,4960223798,Long Beach,11561,1750000,5
1614,3674682652,Rockville Centre,11570,259000,1
1615,4323902633,Great Neck,11021,1580000,3
1616,4060395644,Westbury,11590,829000,3
1617,3942169181,East Hills,11577,1288000,3
1618,4902996396,Valley Stream,11580,1698888,3
1619,3423431633,Lynbrook,11563,798000,3
1620,4273064857,Port Washington,11050,879000,2
1621,3499438412,New Hyde Park,11040,685000,3
1622,4927661252,Massapequa Park,11762,1099999,3
1623,9673513342,Franklin Square,11010,470000,3
1624,3948887720,Valley Stream,11580,795000,3
1625,3931673484,Port Washington,11050,1299000,3
1626,4946629617,Long Beach,11561,699000,2
1627,3893813732,Wantagh,11793,379990,1
1628,4848052456,Port Washington,11050,749900,2
1629,3237204272,Muttontown,11791,1395000,0
1630,3385552988,Rockville Centre,11570,1999999,4
1631,3136144630,Baldwin,11510,749999,3
1632,3056340577,Lido Beach,11561,2275000,3
1633,4960223798,Long Beach,11561,1750000,5
1634,3674682652,Rockville Centre,11570,259000,1
1635,4323902633,Great Neck,11021,1580000,3
1636,4060395644,Westbury,11590,829000,3
1637,3942169181,East Hills,11577,1288000,3
1638,4902996396,Valley Stream,11580,1698888,3
1639,3423431633,Lynbrook,11563,798000,3
1640,4273064857,Port Washington,11050,879000,2
1641,3499438412,New Hyde Park,11040,685000,3
1642,4927661252,Massapequa Park,11762,1099999,3
1643,9673513342,Franklin Square,11010,470000,3
1644,3948887720,Valley Stream,11580,795000,3
1645,3931673484,Port Washington,11050,1299000,3
1646,4946629617,Long Beach,11561,699000,2
1647,3893813732,Wantagh,11793,379990,1
1648,4848052456,Port Washington,11050,749900,2
1649,3237204272,Muttontown,11791,1395000,0
1650,3385552988,Rockville Centre,11570,1999999,4
1651,3136144630,Baldwin,11510,749999,3
1652,3056340577,Lido Beach,11561,2275000,3
1653,4960223798,Long Beach,11561,1750000,5
1654,3674682652,Rockville Centre,11570,259000,1
1655,4323902633,Great Neck,11021,1580000,3
1656,4060395644,Westbury,11590,829000,3
1657,3942169181,East Hills,11577,1288000,3
1658,4902996396,Valley Stream,11580,1698888,3
1659,3423431633,Lynbrook,11563,798000,3
1660,4273064857,Port Washington,11050,879000,2
1661,3499438412,New Hyde Park,11040,685000,3
1662,4927661252,Massapequa Park,11762,1099999,3
1663,9673513342,Franklin Square,11010,470000,3
1664,3948887720,Valley Stream,11580,795000,3
1665,3931673484,Port Washington,11050,1299000,3
1666,4946629617,Long Beach,11561,699000,2
1667,3893813732,Wantagh,11793,379990,1
1668,4848052456,Port Washington,11050,749900,2
1669,3237204272,Muttontown,11791,1395000,0
1670,3385552988,Rockville Centre,11570,1999999,4
1671,3136144630,Baldwin,11510,749999,3
1672,3056340577,Lido Beach,11561,2275000,3
1673,4960223798,Long Beach,11561,1750000,5
1674,3674682652,Rockville Centre,11570,259000,1
1675,4323902633,Great Neck,11021,1580000,3
1676,4060395644,Westbury,11590,829000,3
1677,3942169181,East Hills,11577,1288000,3
1678,4902996396,Valley Stream,11580,1698888,3
1679,3423431633,Lynbrook,11563,798000,3
1680,4273064857,Port Washington,11050,879000,2
1681,3499438412,New Hyde Park,11040,685000,3
1682,4927661252,Massapequa Park,11762,1099999,3
1683,9673513342,Franklin Square,11010,470000,3
1684,3948887720,Valley Stream,11580,795000,3
1685,3931673484,Port Washington,11050,1299000,3
1686,4946629617,Long Beach,11561,699000,2
1687,3893813732,Wantagh,11793,379990,1
1688,4848052456,Port Washington,11050,749900,2
1689,3237204272,Muttontown,11791,1395000,0
1690,3385552988,Rockville Centre,11570,1999999,4
1691,3136144630,Baldwin,11510,749999,3
1692,3056340577,Lido Beach,11561,2275000,3
1693,4960223798,Long Beach,11561,1750000,5
1694,3674682652,Rockville Centre,11570,259000,1
1695,4323902633,Great Neck,11021,1580000,3
1696,4060395644,Westbury,11590,829000,3
1697,3942169181,East Hills,11577,1288000,3
1698,4902996396,Valley Stream,11580,1698888,3
1699,3423431633,Lynbrook,11563,798000,3
1700,4273064857,Port Washington,11050,879000,2
1701,3499438412,New Hyde Park,11040,685000,3
1702,4927661252,Massapequa Park,11762,1099999,3
1703,9673513342,Franklin Square,11010,470000,3
1704,3948887720,Valley Stream,11580,795000,3
1705,3931673484,Port Washington,11050,1299000,3
1706,4946629617,Long Beach,11561,699000,2
1707,3893813732,Wantagh,11793,379990,1
1708,4848052456,Port Washington,11050,749900,2
1709,3237204272,Muttontown,11791,1395000,0
1710,3385552988,Rockville Centre,11570,1999999,4
1711,3136144630,Baldwin,11510,749999,3
1712,3056340577,Lido Beach,11561,2275000,3
1713,4960223798,Long Beach,11561,1750000,5
1714,3674682652,Rockville Centre,11570,259000,1
1715,4323902633,Great Neck,11021,1580000,3
1716,4060395644,Westbury,11590,829000,3
1717,3942169181,East Hills,11577,1288000,3
1718,4902996396,Valley Stream,11580,1698888,3
1719,3423431633,Lynbrook,11563,798000,3
1720,4273064857,Port Washington,11050,879000,2
1721,3499438412,New Hyde Park,11040,685000,3
1722,4927661252,Massapequa Park,11762,1099999,3
1723,9673513342,Franklin Square,11010,470000,3
1724,3948887720,Valley Stream,11580,795000,3
1725,3931673484,Port Washington,11050,1299000,3
1726,4946629617,Long Beach,11561,699000,2
1727,3893813732,Wantagh,11793,379990,1
1728,4848052456,Port Washington,11050,749900,2
1729,3237204272,Muttontown,11791,1395000,0
1730,3385552988,Rockville Centre,11570,1999999,4
1731,3136144630,Baldwin,11510,749999,3
1732,3056340577,Lido Beach,11561,2275000,3
1733,4960223798,Long Beach,11561,1750000,5
1734,3674682652,Rockville Centre,11570,259000,1
1735,4323902633,Great Neck,11021,1580000,3
1736,4060395644,Westbury,11590,829000,3
1737,3942169181,East Hills,11577,1288000,3
1738,4902996396,Valley Stream,11580,1698888,3
1739,3423431633,Lynbrook,11563,798000,3
1740,4273064857,Port Washington,11050,879000,2
1741,3499438412,New Hyde Park,11040,685000,3
1742,4927661252,Massapequa Park,11762,1099999,3
1743,9673513342,Franklin Square,11010,470000,3
1744,3948887720,Valley Stream,11580,795000,3
1745,3931673484,Port Washington,11050,1299000,3
1746,4946629617,Long Beach,11561,699000,2
1747,3893813732,Wantagh,11793,379990,1
1748,4848052456,Port Washington,11050,749900,2
1749,3237204272,Muttontown,11791,1395000,0
1750,3385552988,Rockville Centre,11570,1999999,4
1751,3136144630,Baldwin,11510,749999,3
1752,3056340577,Lido Beach,11561,2275000,3
1753,4960223798,Long Beach,11561,1750000,5
1754,3674682652,Rockville Centre,11570,259000,1
1755,4323902633,Great Neck,11021,1580000,3
1756,4060395644,Westbury,11590,829000,3
1757,3942169181,East Hills,11577,1288000,3
1758,4902996396,Valley Stream,11580,1698888,3
1759,3423431633,Lynbrook,11563,798000,3
1760,4273064857,Port Washington,11050,879000,2
1761,3499438412,New Hyde Park,11040,685000,3
1762,4927661252,Massapequa Park,11762,1099999,3
1763,9673513342,Franklin Square,11010,470000,3
1764,3948887720,Valley Stream,11580,795000,3
1765,3931673484,Port Washington,11050,1299000,3
1766,4946629617,Long Beach,11561,699000,2
1767,3893813732,Wantagh,11793,379990,1
1768,4848052456,Port Washington,11050,749900,2
1769,3237204272,Muttontown,11791,1395000,0
1770,3385552988,Rockville Centre,11570,1999999,4
1771,3136144630,Baldwin,11510,749999,3
1772,3056340577,Lido Beach,11561,2275000,3
1773,4960223798,Long Beach,11561,1750000,5
1774,3674682652,Rockville Centre,11570,259000,1
1775,4323902633,Great Neck,11021,1580000,3
1776,4060395644,Westbury,11590,829000,3
1777,3942169181,East Hills,11577,1288000,3
1778,4902996396,Valley Stream,11580,1698888,3
1779,3423431633,Lynbrook,11563,798000,3
1780,4273064857,Port Washington,11050,879000,2
1781,3499438412,New Hyde Park,11040,685000,3
1782,4927661252,Massapequa Park,11762,1099999,3
1783,9673513342,Franklin Square,11010,470000,3
1784,3948887720,Valley Stream,11580,795000,3
1785,3931673484,Port Washington,11050,1299000,3
1786,4946629617,Long Beach,11561,699000,2
1787,3893813732,Wantagh,11793,379990,1
1788,4848052456,Port Washington,11050,749900,2
1789,3237204272,Muttontown,11791,1395000,0
1790,3385552988,Rockville Centre,11570,1999999,4
1791,3136144630,Baldwin,11510,749999,3
1792,3056340577,Lido Beach,11561,2275000,3
1793,4960223798,Long Beach,11561,1750000,5
1794,3674682652,Rockville Centre,11570,259000,1
1795,4323902633,Great Neck,11021,1580000,3
1796,4060395644,Westbury,11590,829000,3
1797,3942169181,East Hills,11577,1288000,3
1798,4902996396,Valley Stream,11580,1698888,3
1799,3423431633,Lynbrook,11563,798000,3
1800,4273064857,Port Washington,11050,879000,2
1801,3499438412,New Hyde Park,11040,685000,3
1802,4927661252,Massapequa Park,11762,1099999,3
1803,9673513342,Franklin Square,11010,470000,3
1804,3948887720,Valley Stream,11580,795000,3
1805,3931673484,Port Washington,11050,1299000,3
1806,4946629617,Long Beach,11561,699000,2
1807,3893813732,Wantagh,11793,379990,1
1808,4848052456,Port Washington,11050,749900,2
1809,3237204272,Muttontown,11791,1395000,0
1810,3385552988,Rockville Centre,11570,1999999,4
1811,3136144630,Baldwin,11510,749999,3
1812,3056340577,Lido Beach,11561,2275000,3
1813,4960223798,Long Beach,11561,1750000,5
1814,3674682652,Rockville Centre,11570,259000,1
1815,4323902633,Great Neck,11021,1580000,3
1816,4060395644,Westbury,11590,829000,3
1817,3942169181,East Hills,11577,1288000,3
1818,4902996396,Valley Stream,11580,1698888,3
1819,3423431633,Lynbrook,11563,798000,3
1820,4273064857,Port Washington,11050,879000,2
1821,3499438412,New Hyde Park,11040,685000,3
1822,4927661252,Massapequa Park,11762,1099999,3
1823,9673513342,Franklin Square,11010,470000,3
1824,3948887720,Valley Stream,11580,795000,3
1825,3931673484,Port Washington,11050,1299000,3
1826,4946629617,Long Beach,11561,699000,2
1827,3893813732,Wantagh,11793,379990,1
1828,4848052456,Port Washington,11050,749900,2
1829,3237204272,Muttontown,11791,1395000,0
1830,3385552988,Rockville Centre,11570,1999999,4
1831,3136144630,Baldwin,11510,749999,3
1832,3056340577,Lido Beach,11561,2275000,3
1833,4960223798,Long Beach,11561,1750000,5
1834,3674682652,Rockville Centre,11570,259000,1
1835,4323902633,Great Neck,11021,1580000,3
1836,4060395644,Westbury,11590,829000,3
1837,3942169181,East Hills,11577,1288000,3
1838,4902996396,Valley Stream,11580,1698888,3
1839,3423431633,Lynbrook,11563,798000,3
1840,4273064857,Port Washington,11050,879000,2
1841,3499438412,New Hyde Park,11040,685000,3
1842,4927661252,Massapequa Park,11762,1099999,3
1843,9673513342,Franklin Square,11010,470000,3
1844,3948887720,Valley Stream,11580,795000,3
1845,3931673484,Port Washington,11050,1299000,3
1846,4946629617,Long Beach,11561,699000,2
1847,3893813732,Wantagh,11793,379990,1
1848,4848052456,Port Washington,11050,749900,2
1849,3237204272,Muttontown,11791,1395000,0
1850,3385552988,Rockville Centre,11570,1999999,4
1851,3136144630,Baldwin,11510,749999,3
1852,3056340577,Lido Beach,11561,2275000,3
1853,4960223798,Long Beach,11561,1750000,5
1854,3674682652,Rockville Centre,11570,259000,1
1855,4323902633,Great Neck,11021,1580000,3
1856,4060395644,Westbury,11590,829000,3
1857,3942169181,East Hills,11577,1288000,3
1858,4902996396,Valley Stream,11580,1698888,3
1859,3423431633,Lynbrook,11563,798000,3
1860,4273064857,Port Washington,11050,879000,2
1861,3499438412,New Hyde Park,11040,685000,3
1862,4927661252,Massapequa Park,11762,1099999,3
1863,9673513342,Franklin Square,11010,470000,3
1864,3948887720,Valley Stream,11580,795000,3
1865,3931673484,Port Washington,11050,1299000,3
1866,4946629617,Long Beach,11561,699000,2
1867,3893813732,Wantagh,11793,379990,1
1868,4848052456,Port Washington,11050,749900,2
1869,3237204272,Muttontown,11791,1395000,0
1870,3385552988,Rockville Centre,11570,1999999,4
1871,3136144630,Baldwin,11510,749999,3
1872,3056340577,Lido Beach,11561,2275000,3
1873,4960223798,Long Beach,11561,1750000,5
1874,3674682652,Rockville Centre,11570,259000,1
1875,4323902633,Great Neck,11021,1580000,3
1876,4060395644,Westbury,11590,829000,3
1877,3942169181,East Hills,11577,1288000,3
1878,4902996396,Valley Stream,11580,1698888,3
1879,3423431633,Lynbrook,11563,798000,3
1880,4273064857,Port Washington,11050,879000,2
1881,3499438412,New Hyde Park,11040,685000,3
1882,4927661252,Massapequa Park,11762,1099999,3
1883,9673513342,Franklin Square,11010,470000,3
1884,3948887720,Valley Stream,11580,795000,3
1885,3931673484,Port Washington,11050,1299000,3
1886,4946629617,Long Beach,11561,699000,2
1887,3893813732,Wantagh,11793,379990,1
1888,4848052456,Port Washington,11050,749900,2
1889,3237204272,Muttontown,11791,1395000,0
1890,3385552988,Rockville Centre,11570,1999999,4
1891,3136144630,Baldwin,11510,749999,3
1892,3056340577,Lido Beach,11561,2275000,3
1893,4960223798,Long Beach,11561,1750000,5
1894,3674682652,Rockville Centre,11570,259000,1
1895,4323902633,Great Neck,11021,1580000,3
1896,4060395644,Westbury,11590,829000,3
1897,3942169181,East Hills,11577,1288000,3
1898,4902996396,Valley Stream,11580,1698888,3
1899,3423431633,Lynbrook,11563,798000,3
1900,4273064857,Port Washington,11050,879000,2
1901,3499438412,New Hyde Park,11040,685000,3
1902,4927661252,Massapequa Park,11762,1099999,3
1903,9673513342,Franklin Square,11010,470000,3
1904,3948887720,Valley Stream,11580,795000,3
1905,3931673484,Port Washington,11050,1299000,3
1906,4946629617,Long Beach,11561,699000,2
1907,3893813732,Wantagh,11793,379990,1
1908,4848052456,Port Washington,11050,749900,2
1909,3237204272,Muttontown,11791,1395000,0
1910,3385552988,Rockville Centre,11570,1999999,4
1911,3136144630,Baldwin,11510,749999,3
1912,3056340577,Lido Beach,11561,2275000,3
1913,4960223798,Long Beach,11561,1750000,5
1914,3674682652,Rockville Centre,11570,259000,1
1915,4323902633,Great Neck,11021,1580000,3
1916,4060395644,Westbury,11590,829000,3
1917,3942169181,East Hills,11577,1288000,3
1918,4902996396,Valley Stream,11580,1698888,3
1919,3423431633,Lynbrook,11563,798000,3
1920,4273064857,Port Washington,11050,879000,2
1921,3499438412,New Hyde Park,11040,685000,3
1922,4927661252,Massapequa Park,11762,1099999,3
1923,9673513342,Franklin Square,11010,470000,3
1924,3948887720,Valley Stream,11580,795000,3
1925,3931673484,Port Washington,11050,1299000,3
1926,4946629617,Long Beach,11561,699000,2
1927,3893813732,Wantagh,11793,379990,1
1928,4848052456,Port Washington,11050,749900,2
1929,3237204272,Muttontown,11791,1395000,0
1930,3385552988,Rockville Centre,11570,1999999,4
1931,3136144630,Baldwin,11510,749999,3
1932,3056340577,Lido Beach,11561,2275000,3
1933,4960223798,Long Beach,11561,1750000,5
1934,3674682652,Rockville Centre,11570,259000,1
1935,4323902633,Great Neck,11021,1580000,3
1936,4060395644,Westbury,11590,829000,3
1937,3942169181,East Hills,11577,1288000,3
1938,4902996396,Valley Stream,11580,1698888,3
1939,3423431633,Lynbrook,11563,798000,3
1940,4273064857,Port Washington,11050,879000,2
1941,3499438412,New Hyde Park,11040,685000,3
1942,4927661252,Massapequa Park,11762,1099999,3
1943,9673513342,Franklin Square,11010,470000,3
1944,3948887720,Valley Stream,11580,795000,3
1945,3931673484,Port Washington,11050,1299000,3
1946,4946629617,Long Beach,11561,699000,2
1947,3893813732,Wantagh,11793,379990,1
1948,4848052456,Port Washington,11050,749900,2
1949,3237204272,Muttontown,11791,1395000,0
1950,3385552988,Rockville Centre,11570,1999999,4
1951,3136144630,Baldwin,11510,749999,3
1952,3056340577,Lido Beach,11561,2275000,3
1953,4960223798,Long Beach,11561,1750000,5
1954,3674682652,Rockville Centre,11570,259000,1
1955,4323902633,Great Neck,11021,1580000,3
1956,4060395644,Westbury,11590,829000,3
1957,3942169181,East Hills,11577,1288000,3
1958,4902996396,Valley Stream,11580,1698888,3
1959,3423431633,Lynbrook,11563,798000,3
1960,4273064857,Port Washington,11050,879000,2
1961,3499438412,New Hyde Park,11040,685000,3
1962,4927661252,Massapequa Park,11762,1099999,3
1963,9673513342,Franklin Square,11010,470000,3
1964,3948887720,Valley Stream,11580,795000,3
1965,3931673484,Port Washington,11050,1299000,3
1966,4946629617,Long Beach,11561,699000,2
1967,3893813732,Wantagh,11793,379990,1
1968,4848052456,Port Washington,11050,749900,2
1969,3237204272,Muttontown,11791,1395000,0
1970,3385552988,Rockville Centre,11570,1999999,4
1971,3136144630,Baldwin,11510,749999,3
1972,3056340577,Lido Beach,11561,2275000,3
1973,4960223798,Long Beach,11561,1750000,5
1974,3674682652,Rockville Centre,11570,259000,1
1975,4323902633,Great Neck,11021,1580000,3
1976,4060395644,Westbury,11590,829000,3
1977,3942169181,East Hills,11577,1288000,3
1978,4902996396,Valley Stream,11580,1698888,3
1979,3423431633,Lynbrook,11563,798000,3
1980,4273064857,Port Washington,11050,879000,2
1981,3499438412,New Hyde Park,11040,685000,3
1982,4927661252,Massapequa Park,11762,1099999,3
1983,9673513342,Franklin Square,11010,470000,3
1984,3948887720,Valley Stream,11580,795000,3
1985,3931673484,Port Washington,11050,1299000,3
1986,4946629617,Long Beach,11561,699000,2
1987,3893813732,Wantagh,11793,379990,1
1988,4848052456,Port Washington,11050,749900,2
1989,3237204272,Muttontown,11791,1395000,0
1990,3385552988,Rockville Centre,11570,1999999,4
1991,3136144630,Baldwin,11510,749999,3
1992,3056340577,Lido Beach,11561,2275000,3
1993,4960223798,Long Beach,11561,1750000,5
1994,3674682652,Rockville Centre,11570,259000,1
1995,4323902633,Great Neck,11021,1580000,3
1996,4060395644,Westbury,11590,829000,3
1997,3942169181,East Hills,11577,1288000,3
1998,4902996396,Valley Stream,11580,1698888,3
1999,3423431633,Lynbrook,11563,798000,3
2000,4273064857,Port Washington,11050,879000,2
2001,3499438412,New Hyde Park,11040,685000,3
2002,4927661252,Massapequa Park,11762,1099999,3
2003,9673513342,Franklin Square,11010,470000,3
2004,3948887720,Valley Stream,11580,795000,3
2005,3931673484,Port Washington,11050,1299000,3
2006,4946629617,Long Beach,11561,699000,2
2007,3893813732,Wantagh,11793,379990,1
2008,4848052456,Port Washington,11050,749900,2
2009,3237204272,Muttontown,11791,1395000,0
2010,3385552988,Rockville Centre,11570,1999999,4
2011,3136144630,Baldwin,11510,749999,3
2012,3056340577,Lido Beach,11561,2275000,3
2013,4960223798,Long Beach,11561,1750000,5
2014,3674682652,Rockville Centre,11570,259000,1
2015,4323902633,Great Neck,11021,1580000,3
2016,4060395644,Westbury,11590,829000,3
2017,3942169181,East Hills,11577,1288000,3
2018,4902996396,Valley Stream,11580,1698888,3
2019,3423431633,Lynbrook,11563,798000,3
2020,4273064857,Port Washington,11050,879000,2
2021,3499438412,New Hyde Park,11040,685000,3
2022,4927661252,Massapequa Park,11762,1099999,3
2023,9673513342,Franklin Square,11010,470000,3
2024,3948887720,Valley Stream,11580,795000,3
2025,3931673484,Port Washington,11050,1299000,3
2026,4946629617,Long Beach,11561,699000,2
2027,3893813732,Wantagh,11793,379990,1
2028,4848052456,Port Washington,11050,749900,2
2029,3237204272,Muttontown,11791,1395000,0
2030,3385552988,Rockville Centre,11570,1999999,4
2031,3136144630,Baldwin,11510,749999,3
2032,3056340577,Lido Beach,11561,2275000,3
2033,4960223798,Long Beach,11561,1750000,5
2034,3674682652,Rockville Centre,11570,259000,1
2035,4323902633,Great Neck,11021,1580000,3
2036,4060395644,Westbury,11590,829000,3
2037,3942169181,East Hills,11577,1288000,3
2038,4902996396,Valley Stream,11580,1698888,3
2039,3423431633,Lynbrook,11563,798000,3
2040,4273064857,Port Washington,11050,879000,2
2041,3499438412,New Hyde Park,11040,685000,3
2042,4927661252,Massapequa Park,11762,1099999,3
2043,9673513342,Franklin Square,11010,470000,3
2044,3948887720,Valley Stream,11580,795000,3
2045,3931673484,Port Washington,11050,1299000,3
2046,4946629617,Long Beach,11561,699000,2
2047,3893813732,Wantagh,11793,379990,1
2048,4848052456,Port Washington,11050,749900,2
2049,3237204272,Muttontown,11791,1395000,0
2050,3385552988,Rockville Centre,11570,1999999,4
2051,3136144630,Baldwin,11510,749999,3
2052,3056340577,Lido Beach,11561,2275000,3
2053,4960223798,Long Beach,11561,1750000,5
2054,3674682652,Rockville Centre,11570,259000,1
2055,4323902633,Great Neck,11021,1580000,3
2056,4060395644,Westbury,11590,829000,3
2057,3942169181,East Hills,11577,1288000,3
2058,4902996396,Valley Stream,11580,1698888,3
2059,3423431633,Lynbrook,11563,798000,3
2060,4273064857,Port Washington,11050,879000,2
2061,3499438412,New Hyde Park,11040,685000,3
2062,4927661252,Massapequa Park,11762,1099999,3
2063,9673513342,Franklin Square,11010,470000,3
2064,3948887720,Valley Stream,11580,795000,3
2065,3931673484,Port Washington,11050,1299000,3
2066,4946629617,Long Beach,11561,699000,2
2067,3893813732,Wantagh,11793,379990,1
2068,4848052456,Port Washington,11050,749900,2
2069,3237204272,Muttontown,11791,1395000,0
2070,3385552988,Rockville Centre,11570,1999999,4
2071,3136144630,Baldwin,11510,749999,3
2072,3056340577,Lido Beach,11561,2275000,3
2073,4960223798,Long Beach,11561,1750000,5
2074,3674682652,Rockville Centre,11570,259000,1
2075,4323902633,Great Neck,11021,1580000,3
2076,4060395644,Westbury,11590,829000,3
2077,3942169181,East Hills,11577,1288000,3
2078,4902996396,Valley Stream,11580,1698888,3
2079,3423431633,Lynbrook,11563,798000,3
